frequency,callsign,city,sp,antenna_type,erp,lat,lon,class,slogan,haat,owner,format,market
97.1,K246DD,ROLLA,MO,NDIR,0.14,37.95988888888889,91.77175,D,SPIRIT FM,144.4,University of Northwestern - St. Paul,Contemporary Christian,
97.5,K248DR,JOPLIN,MO,NDIR,0.25,37.069500000000005,94.54716666666667,D,CLASSIC COUNTRY 860 AM,108.0,"AMERICAN MEDIA INVESTMENTS, INC.",Country,
104.9,KBCT,Maryville,MO,NDIR,9.7,40.40241666666667,94.88811111111112,C3,"80S 90S AND MORE, 104-9 THE CAT",159.0,"Eagle Communications, Inc.",Classic Hits,
91.1,KCWP,WEST PLAINS,MO,NDIR,16.0,36.63827777777778,91.66016666666667,C3,,87.0,"COMMUNITY BROADCASTING, INC.",Religious Teaching,
96.5,KFNZ-FM,KANSAS CITY,MO,NDIR,100.0,39.02222222222222,94.51383333333334,C0,,335.0,"Audacy License, LLC",Sports,
102.1,KMRV-LP,ST. CHARLES,MO,NDIR,0.1,38.737500000000004,90.61055555555555,LP100,102.1 THE RIVER,26.0,Community Broadcasting of St. Charles County,Variety,
104.1,KQLS,LUTESVILLE,MO,NDIR,2.5,37.377805555555554,89.93452777777779,A,,155.0,"Dockins Broadcast Group, LLC",80'S Hits,
96.1,WRJE-LP,SAINT JOSEPH,MO,NDIR,0.1,39.815555555555555,94.82888888888888,LP100,,26.0,Radio Joe Inc,,
102.7,4VGV-FM,CAP-HAÏTIEN,MO,,0.5,19.759444444444444,72.19833333333334,C,RADIO VERTIÈRES,30.0,,Variety,
88.1,K201GD,KIRKSVILLE,MO,NDIR,0.01,40.174749999999996,92.55519444444444,D,THE SONLIFE RADIO NETWORK,67.5,"FAMILY WORSHIP CENTER CHURCH, INC.",Religious Teaching,
88.7,K204DT,ROGERSVILLE,MO,NDIR,0.115,37.17505555555555,93.04322222222223,D,CSN INTERNATIONAL,,CSN INTERNATIONAL,Religious Teaching,"Springfield, MO"
88.7,K204FX,MOUNTAIN GROVE,MO,NDIR,0.062,37.101444444444446,92.26794444444444,D,,164.1,BOARD OF GOVERNORS OF MISSOURI STATE UNIVERSITY,News/Talk/Classical,
88.9,K205ER,RAYTOWN,MO,NDIR,0.092,39.09055555555556,94.47188888888888,D,BOTT RADIO NETWORK,138.4,"COMMUNITY BROADCASTING, INC.",Religious Teaching,Kansas City
88.9,K205FX,ST. JOSEPH,MO,NDIR,0.17,39.73430555555556,94.78997222222222,D,BOTT RADIO NETWORK,,"RADIO VIDA KANSAS, INC.",Religious Teaching,
89.3,K207DG,ROSATI,MO,NDIR,0.14,38.040055555555554,91.51488888888889,D,THE SONLIFE RADIO NETWORK,103.1,"FAMILY WORSHIP CENTER CHURCH, INC.",Religious Teaching,
89.5,K208BO,WARSAW,MO,NDIR,0.25,38.25527777777778,93.37008333333333,D,SPIRIT FM,67.0,University of Northwestern - St. Paul,Contemporary Christian,
90.1,K211FV,SEDALIA,MO,NDIR,0.205,38.72316666666667,93.2298888888889,D,FAITH RADIO,61.0,University of Northwestern - St. Paul,Religious Teaching,
90.1,K211GB,GRAY SUMMIT,MO,DRL,0.05,38.495583333333336,90.80927777777778,D,COVENANT NETWORK,,COVENANT NETWORK,Religious Teaching,St. Louis
90.3,K212FW,JOPLIN,MO,NDIR,0.25,37.10311111111111,94.40327777777779,D,CSN INTERNATIONAL,,CSN INTERNATIONAL,Religious Teaching,Joplin
90.5,K213DK,WILLOW SPRINGS,MO,NDIR,0.05,37.06338888888889,92.02766666666666,D,THE SONLIFE RADIO NETWORK,111.0,"FAMILY WORSHIP CENTER CHURCH, INC.",Religious Teaching,
91.1,K216GK,BROOKFIELD,MO,NDIR,0.25,39.80169444444444,93.06158333333333,D,AMERICAN FAMILY RADIO,49.2,"CSN International, Inc.",Religious Teaching,
91.1,K216GM,CANTON,MO,NDIR,0.25,39.94172222222222,91.58433333333333,D,COVENANT NETWORK,,COVENANT NETWORK,Religious Teaching,
91.1,K216GR,POPLAR BLUFF,MO,NDIR,0.25,36.764722222222225,90.48194444444445,D,BIBLE BROADCASTING NETWORK,73.0,"BIBLE BROADCASTING NETWORK, INC.",Religious Teaching,
91.3,K217GC,NEVADA,MO,NDIR,0.25,37.85669444444444,94.37994444444443,D,CSN INTERNATIONAL,63.4,CSN INTERNATIONAL,Religious Teaching,
91.5,K218BU,MEMPHIS,MO,NDIR,0.25,40.49975,92.16602777777778,D,CSN INTERNATIONAL,61.8,CSN INTERNATIONAL,Religious Teaching,
91.5,K218DC,SPRINGFIELD,MO,NDIR,0.25,37.16338888888889,93.33741666666666,D,THE SONLIFE RADIO NETWORK,54.3,"FAMILY WORSHIP CENTER CHURCH, INC.",Religious Teaching,"Springfield, MO"
91.7,K219FD,MOUNTAIN GROVE,MO,NDIR,0.05,37.101444444444446,92.26794444444444,D,THE SONLIFE RADIO NETWORK,109.0,"FAMILY WORSHIP CENTER CHURCH, INC.",Religious Teaching,
91.7,K219KS,MARYVILLE,MO,NDIR,0.25,40.37555555555556,94.85663888888888,D,RADIO BY GRACE,64.6,"RADIO BY GRACE, INC.",Religious Teaching,
91.9,K220CN,"KIRKSVILLE, ETC.",MO,NDIR,0.234,40.22947222222223,92.54405555555556,D,FAITH RADIO,93.0,"CARE BROADCASTING, INC.",Religious Teaching,
91.9,K220HT,ST. LOUIS,MO,NDIR,0.099,38.681444444444445,90.20066666666666,D,CSN INTERNATIONAL,135.9,CSN INTERNATIONAL,Religious Teaching,St. Louis
92.1,K221GO,PIEDMONT,MO,NDIR,0.25,37.141444444444446,90.70316666666668,D,KICKIN' COUNTRY,,"DOCKINS BROADCAST GROUP, INC.",Country,
92.1,K221GQ,WEBB CITY,MO,NDIR,0.14,37.10644444444445,94.28077777777777,D,CATHOLIC RADIO,,"Catholic Radio Network, Inc.",Religious Teaching,Joplin
92.3,K222BD,LEBANON,MO,NDIR,0.17,37.67644444444444,92.62266666666666,D,BOTT RADIO NETWORK,92.3,"COMMUNITY BROADCASTING, INC.",Religious Teaching,
92.3,K222BH,ST. JOSEPH,MO,DRL,0.015,39.73444444444444,94.78997222222222,D,AIR1,70.6,CSN INTERNATIONAL,Contemporary Christian,
92.3,K222CT,SPRINGFIELD,MO,NDIR,0.25,37.21033333333334,93.27213888888889,D,KICK 92.3,,"VISION COMMUNICATIONS, INC.",Talk,"Springfield, MO"
92.5,K223CE,FULTON,MO,NDIR,0.25,38.87752777777778,91.94572222222223,D,BOTT RADIO NETWORK,,"COMMUNITY BROADCASTING, INC.",Religious Teaching,
92.7,K224CF,WEST PLAINS,MO,NDIR,0.14,36.689499999999995,91.89597222222223,D,KEEP CHRIST MOST HIGH,137.0,"CHRISTIAN BROADCASTING GROUP OF MOUNTAIN HOME, INC",Religious Teaching,
92.7,K224ET,KINGSVILLE,MO,DRL,0.25,38.759027777777774,94.16722222222222,D,K-LOVE,,"Radio Vida Kansas, Inc.",Contemporary Christian,Kansas City
92.7,K224EZ,UNION,MO,DRL,0.21,38.481972222222225,91.04108333333333,D,ROCK-N-AMERICANA,,"BROADCAST PROPERTIES, INC.",Variety,St. Louis
92.7,K224FT,ST. LOUIS,MO,DRL,0.2,38.752027777777776,90.62294444444444,D,WORLDWIDE KFUO,,LUTHERAN CHURCH-MISSOURI SYNOD,Religious Teaching,St. Louis
92.9,K225CI,KANSAS CITY,MO,DRL,0.16,39.16138888888889,94.468,D,EWTN,,"CATHOLIC RADIO NETWORK, INC.",Religious Teaching,Kansas City
92.9,K225CS,JOPLIN,MO,NDIR,0.25,37.069500000000005,94.54716666666667,D,MAGIC MIX 92.9,,"AMERICAN MEDIA INVESTMENTS, INC.",Soft AC,Joplin
93.3,K227AO,SPRINGFIELD,MO,NDIR,0.25,37.163555555555554,93.31983333333334,D,KWTO  NEWS TALK RADIO,,"ZIMMER RADIO OF MID-MISSOURI, INC.",Talk,"Springfield, MO"
93.3,K227BK,POPLAR BLUFF,MO,NDIR,0.25,36.76283333333333,90.43427777777778,D,NEWSTALK 930,,MRR LICENSE LLC,News/Talk,
93.3,K227BO,MACON,MO,NDIR,0.25,39.709472222222225,92.46408333333333,D,TRUE COUNTRY,55.2,"FM105, INC.",Country,
93.3,K227CH,HANNIBAL,MO,NDIR,0.25,39.70363888888889,91.39152777777778,D,BOTT RADIO NETWORK,,"COMMUNITY BROADCASTING, INC.",Religious Teaching,
93.3,K227DS,ST. LOUIS,MO,NDIR,0.025,38.613055555555555,90.33583333333333,D,1600 HALLELUJAH AM,,iHeartMedia,Urban Gospel,St. Louis
93.5,K228FS,CARTHAGE,MO,NDIR,0.25,37.18283333333333,94.35994444444444,D,FABULOUS 1490,,"Carthage Broadcasting Company, Inc.",Adult Standards,Joplin
93.5,K228FX,CAPE GIRARDEAU,MO,NDIR,0.25,37.35944444444445,89.6211111111111,D,SOUTHEAST MISSOURI ESPN,,MRR LICENSE LLC,Sports,
93.7,K229AE,SPRINGFIELD,MO,NDIR,0.14,37.20919444444445,93.28238888888889,D,OASIS NETWORK,103.8,"DAVID INGLES MINISTRIES, INC.",Religious Teaching,"Springfield, MO"
93.7,K229DL,REEDS SPRING,MO,NDIR,0.215,36.710861111111114,93.44644444444445,D,BOTT RADIO NETWORK,,"BOTT COMMUNICATIONS, INC.",Religious Teaching,
93.9,K230BI,WARSAW,MO,NDIR,0.25,38.238083333333336,93.31852777777777,D,BOTT RADIO NETWORK,,"COMMUNITY BROADCASTING, INC.",Religious Teaching,
94.1,K231BF,HERMITAGE,MO,NDIR,0.25,37.947805555555554,93.20825,D,BOTT RADIO NETWORK,81.3,"COMMUNITY BROADCASTING, INC.",Religious Teaching,
94.1,K231BM,POPLAR BLUFF,MO,NDIR,0.25,36.766444444444446,90.48122222222223,D,THE STORM 97.5,,EAGLE BLUFF ENTERPRISES,Country,
94.1,K231CI,BRANSON,MO,NDIR,0.25,36.73136111111111,93.16780555555556,D,THE WIND,,"RADIO TRAINING NETWORK, INC.",Contemporary Christian,
94.1,K231CP,SULLIVAN,MO,NDIR,0.25,38.21116666666667,91.16097222222223,D,NEWS/TALK 1560,,MERAMEC AREA BROADCASTING LLC,News/Talk,St. Louis
94.3,K232FF,CAPE GIRARDEAU,MO,NDIR,0.25,37.349444444444444,89.59608333333333,D,COVENANT NETWORK,,COVENANT NETWORK,Religious Teaching,
94.3,K232FS,FREDERICKTOWN,MO,DRL,0.25,37.79863888888889,90.56233333333333,D,K-HITS 94.3,216.0,"DOCKINS BROADCAST GROUP, INC.",Hot AC,
94.5,K233DM,RAYTOWN,MO,NDIR,0.099,39.01555555555556,94.5068888888889,D,ESPN KANSAS CITY 1510 AM & 94.5 FM,,"UNION BROADCASTING, INC.",Sports,Kansas City
94.7,K234CC,COLUMBIA,MO,NDIR,0.25,39.01658333333334,92.31738888888889,D,AFR,61.6,COVENANT NETWORK,Religious Teaching,"Columbia, MO"
94.7,K234CE,SEDALIA,MO,NDIR,0.25,38.67641666666666,93.25463888888889,D,BOTT RADIO NETWORK,88.4,"Townsquare License, LLC",Religious Teaching,
94.9,K235AO,SALEM,MO,NDIR,0.25,37.63558333333333,91.53458333333333,D,GOOD NEWS VOICE,20.0,"MISSOURI RIVER CHRISTIAN BROADCASTING, INC.",Religious Teaching,
94.9,K235CY,SIKESTON,MO,NDIR,0.25,36.82338888888889,89.59508333333333,D,COUNTRY LEGENDS,,"WITHERS BROADCASTING COMPANY OF SOUTHEAST MISSOURI, LLC",Country,
95.1,K236CK,WARRENTON,MO,NDIR,0.25,38.83866666666667,91.04458333333334,D,TRADITIONAL COUNTRY,,KASPAR BROADCASTING CO. OF MISSOURI,Country,St. Louis
95.1,K236CS,ST. LOUIS,MO,NDIR,0.099,38.53527777777778,90.37305555555555,D,RELEVANT RADIO,,"RELEVANT RADIO, INC.",Religious Teaching,St. Louis
95.3,K237GU,COLUMBIA,MO,NDIR,0.25,38.95530555555556,92.27241666666667,D,THE BIG 900 KFAL,,"ZIMMER RADIO OF MID-MISSOURI, INC",Country,"Columbia, MO"
95.3,K237HF,ST. JOSEPH,MO,NDIR,0.25,39.68083333333333,94.78,D,680 KFEQ,,"Eagle Communications, Inc.",Talk,
95.7,K239AS,KIMBERLING CITY,MO,NDIR,0.14,36.59561111111111,93.42130555555556,D,BOTT RADIO NETWORK,105.0,"COMMUNITY BROADCASTING, INC.",Religious Teaching,
95.7,K239CQ,CAPE GIRARDEAU,MO,NDIR,0.25,37.36255555555556,89.52202777777778,D,KAPE RADIO 100.3 AND 1550 KAPE,,"WITHERS BROADCASTING COMPANY OF MISSOURI, LLC",Talk/Sports,
95.7,K239CU,SALEM,MO,NDIR,0.25,37.625416666666666,91.53483333333332,D,YOUR OZARK INFORMATION SOURCE,,KSMO ENTERPRISES,News,
95.9,K240DY,MARYVILLE,MO,NDIR,0.25,40.39202777777778,94.96811111111111,D,KNIM COUNTRY 95.9/1580,87.9,"REGIONAL MEDIA, INC.",Country,
95.9,K240ES,ST. LOUIS,MO,NDIR,0.099,38.5745,90.32538888888888,D,BOTT RADIO NETWORK,,"BOTT COMMUNICATIONS, INC.",Religious Teaching,St. Louis
96.1,K241BT,BROOKFIELD,MO,NDIR,0.25,39.78363888888889,93.07241666666667,D,THE Z,15.0,"BEST BROADCASTING, INC",Hot AC,
96.1,K241BY,WEST PLAINS,MO,NDIR,0.205,36.746722222222225,91.83236111111111,D,BOTT RADIO NETWORK,,"COMMUNITY BROADCASTING, INC.",Religious Teaching,
96.1,K241CK,CAPE GIRARDEAU,MO,DRL,0.25,37.36255555555556,89.52202777777778,D,B 97.9,,"WITHERS BROADCASTING COMPANY OF SOUTHEAST MISSOURI, LLC",Country,
96.1,K241CZ,ST. JAMES,MO,NDIR,0.25,38.07094444444445,91.66458333333334,D,BOTT RADIO NETWORK,,"COMMUNITY BROADCASTING, INC.",Religious Teaching,
96.3,K242CT,COLUMBIA,MO,NDIR,0.25,38.95530555555556,92.27241666666667,D,EAGLE 93.9,,"ZIMMER RADIO OF MID-MISSOURI, INC.",Talk,"Columbia, MO"
96.7,K244FO,CRESTWOOD,MO,DRL,0.25,38.56805555555556,90.33194444444445,D,COVENANT NETWORK,212.0,Covenant Network,Religious Teaching,St. Louis
96.9,K245BO,WARRENSBURG,MO,NDIR,0.25,38.77444444444444,93.6266111111111,D,BOTT RADIO NETWORK,,"COMMUNITY BROADCASTING, INC.",Religious Teaching,
96.9,K245CA,SPRINGFIELD,MO,NDIR,0.25,37.163555555555554,93.31983333333334,D,"JOCK 96.9, 99.9,1060 AM",,"ZIMMER RADIO OF MID-MISSOURI, INC.",Sports,"Springfield, MO"
97.1,K246CA,JEFFERSON CITY,MO,NDIR,0.14,38.555305555555556,92.25741666666667,D,BOTT RADIO NETWORK,,"COMMUNITY BROADCASTING, INC.",Religious Teaching,
97.1,K246DB,SIKESTON,MO,NDIR,0.25,36.818083333333334,89.52422222222222,D,SHOTGUN RADIO 97.1,,"DELTA BROADCASTING, LLC",Country,
97.5,K248BP,OSAGE BEACH,MO,NDIR,0.15,38.20113888888889,92.80102777777778,D,KRMS 1150AM-97.5FM- 103.3FM,180.9,"VIPER COMMUNICATIONS, INC.",Talk,
98.1,K251BZ,BRANSON,MO,DRL,0.25,36.73116666666667,93.1673888888889,D,,,"OZARK MOUNTAIN MEDIA GROUP, LLC",Classic Hits,
98.3,K252EE,POPLAR BLUFF,MO,NDIR,0.205,36.766444444444446,90.48122222222223,D,KYEC 88.3,,CENTRAL EDUCATIONAL RADIO,Hot AC,
98.3,K252EF,STOCKTON,MO,NDIR,0.25,37.754805555555556,93.83533333333332,D,BOTT RADIO NETWORK,93.0,"COMMUNITY BROADCASTING, INC.",Religious Teaching,
98.3,K252FT,TRENTON,MO,NDIR,0.25,40.08336111111112,93.55838888888889,D,AM 1600 FM 98.3 KTTN,,LUEHRS BROADCASTING CO. INC,Adult Contemporary,
98.5,K253BG,ST. JOSEPH,MO,NDIR,0.17,39.75,94.84052777777778,D,AIR1,,EDUCATIONAL MEDIA FOUNDATION,Contemporary Christian,
98.7,K254BE,OSAGE BEACH,MO,DRL,0.25,38.16447222222222,92.6035,D,93.5 ROCKS THE LAKE,,"VIPER COMMUNICATIONS, INC.",Classic Rock,
98.7,K254BU,MARSHALL,MO,DRL,0.1,39.123083333333334,93.19686111111112,D,SPIRIT FM,,University of Northwestern - St. Paul,Contemporary Christian,
98.7,K254CR,ST. LOUIS,MO,DRL,0.25,38.61311111111111,90.33594444444444,D,"NEWS-TALK 1120, THE VOICE OF ST LOUIS",,"Audacy License, LLC",News/Talk,St. Louis
98.7,K254DE,BOONVILLE,MO,DRL,0.23,38.94558333333333,92.77074999999999,D,,,"BILLINGS BROADCASTING, LLC",Country,
98.9,K255AH,JOPLIN,MO,NDIR,0.14,36.981722222222224,94.4768888888889,D,RADIO JON-DEEK,,BOARD OF GOVERNORS OF MISSOURI STATE UNIVERSITY,Adult Contemporary,Joplin
98.9,K255AW,SIKESTON,MO,NDIR,0.25,36.94255555555555,89.69647222222223,D,COUNTRY LEGENDS,116.1,"WITHERS BROADCASTING COMPANY OF SOUTHEAST MISSOURI, LLC",Country,
98.9,K255DJ,COLUMBIA,MO,NDIR,0.099,39.014472222222224,92.27575,D,NEWSTALK 1400,,Cumulus Media,Talk,"Columbia, MO"
99.3,K257DZ,KANSAS CITY,MO,NDIR,0.099,39.01555555555556,94.5068888888889,D,RADIO MARIA,282.4,ALPINE BROADCASTING CORPORATION,Religious Teaching,Kansas City
99.3,K257GU,CAMERON,MO,NDIR,0.25,39.75138888888889,94.18716666666667,D,US COUNTRY 99.3FM KMRN,,Alpha Media Licensee LLC,Country,
99.7,K259BB,SIKESTON,MO,NDIR,0.25,36.870333333333335,89.51008333333333,D,BOTT RADIO NETWORK,67.3,"COMMUNITY BROADCASTING, INC.",Religious Teaching,
99.7,K259BF,KIRKSVILLE,MO,NDIR,0.25,40.18780555555555,92.52575,D,"KIRX 1450 AM, 99.7 FM GOOD TIME OLDIES",,"KIRX, INC",Oldies,
99.9,K260DP,NEVADA,MO,NDIR,0.25,37.860305555555556,94.38188888888888,D,SUNNY 99.9,,"HARBIT COMMUNICATIONS, INC.",Adult Contemporary,
100.1,K261ET,NEOSHO,MO,NDIR,0.25,36.90922222222222,94.46133333333334,D,FOX SPORTS 99.1 100.1 & 1420 AM,,"AMERICAN MEDIA INVESTMENTS, INC.",Sports,Joplin
100.3,K262AX,CAPE GIRARDEAU,MO,NDIR,0.193,37.36866666666667,89.5928611111111,D,KAPE RADIO 100.3 AND 1550 KAPE,126.8,"WITHERS BROADCASTING COMPANY OF MISSOURI, LLC",Talk/Sports,
100.5,K263BK,JOPLIN,MO,NDIR,0.17,37.077000000000005,94.53772222222221,D,BOTT RADIO NETWORK,103.2,"COMMUNITY BROADCASTING, INC.",Religious Teaching,Joplin
100.5,K263BU,KANSAS CITY,MO,DRL,0.25,38.757222222222225,94.43411111111112,D,RADIO MARIA,,ALPINE BROADCASTING CORPORATION,Religious,Kansas City
100.7,K264BZ,ROLLA,MO,NDIR,0.205,37.97891666666667,91.74791666666667,D,GOOD NEWS VOICE,,"MISSOURI RIVER CHRISTIAN BROADCASTING, INC.",Religious,
100.7,K264CY,ST. LOUIS,MO,NDIR,0.25,38.63583333333333,90.19583333333334,D,REAL TALK,,"East Central Broadcasting, LLC",Talk,St. Louis
100.9,K265DR,BOLIVAR,MO,NDIR,0.01,37.60336111111111,93.40769444444445,D,THE WIND,69.4,"RADIO TRAINING NETWORK, INC.",Contemporary Christian,
100.9,K265FD,COLUMBIA,MO,NDIR,0.205,38.95530555555556,92.27241666666667,D,BOTT RADIO NETWORK,,"COMMUNITY BROADCASTING, INC.",Religious Teaching,"Columbia, MO"
101.1,K266CA,JEFFERSON CITY,MO,NDIR,0.25,38.57947222222223,92.23408333333333,D,SWITCH FM,,"ZIMMER RADIO OF MID-MISSOURI, INC.",Contemporary Christian,
101.3,K267BN,BOSWORTH,MO,NDIR,0.175,39.366416666666666,93.40355555555556,D,THE GRENADE,249.9,CARTER MEDIA LLC,Talk,
101.3,K267CO,SEDALIA,MO,NDIR,0.25,38.67641666666666,93.25463888888889,D,HOME TOWN COUNTRY 1490 AM/101.3 FM,,"BENNE BROADCASTING OF SEDALIA, LLC",Country,
101.5,K268AW,MARYVILLE,MO,NDIR,0.25,40.36666666666667,94.88497222222223,D,BOTT RADIO NETWORK,68.0,"COMMUNITY BROADCASTING, INC.",Religious Teaching,
101.5,K268CF,KANSAS CITY,MO,NDIR,0.25,39.09055555555556,94.47188888888888,D,BOTT RADIO NETWORK,297.4,BOTT BROADCASTING COMPANY,Religious Teaching,Kansas City
101.3,K268CP,JOPLIN,MO,NDIR,0.099,37.02088888888889,94.53994444444444,D,FOX SPORTS 1560,,Land Go Radio Group LLC,Sports,Joplin
101.5,K268CT,St. Louis,MO,NDIR,0.099,38.636361111111114,90.34380555555555,D,ROCK N AMERICANA,,KASPAR BROADCASTING CO. OF MISSOURI,Classic Rock,St. Louis
101.7,K269GZ,SIKESTON,MO,NDIR,0.25,36.83638888888889,89.54416666666667,D,NEWSRADIO 960,,MRR LICENSE LLC,Talk,
101.9,K270BW,BELLEFONTAINE,MO,NDIR,0.25,38.57441666666667,90.32552777777778,D,NEWS TALK ST. LOUIS,196.9,EDUCATIONAL MEDIA FOUNDATION,News/Talk,St. Louis
101.9,K270CN,CAPE GIRARDEAU,MO,DRL,0.25,37.36255555555556,89.52202777777778,D,101.9 THE BLOCK,,"WITHERS BROADCASTING COMPANY OF MISSOURI, LLC",Hot AC,
102.1,K271CC,MOUNTAIN GROVE,MO,NDIR,0.075,37.09977777777778,92.26627777777777,D,THE JOY FM NETWORK,130.8,"RADIO TRAINING NETWORK, INC.",Contemporary Christian,
102.5,K273BF,ST. JOSEPH,MO,DRL,0.25,39.68083333333333,94.78,D,KY 102,91.6,"Eagle Communications, Inc.",Classic Hits,
102.7,K274CE,CAIRO,MO,NDIR,0.25,39.51694444444444,92.44219444444445,D,TRUE COUNTRY,68.9,"BEST BROADCASTING, INC",Country,
102.9,K275BD,JOPLIN,MO,NDIR,0.25,37.097,94.57383333333333,D,NEWSTALK KZRG 102.9 FM 105.9 FM 1310 AM,201.5,"ZIMMER RADIO, INC.",Talk,Joplin
102.9,K275BQ,KANSAS CITY,MO,DRL,0.25,39.09055555555556,94.47188888888888,D,,287.4,ALPINE BROADCASTING CORPORATION,Talk/Adult Standards,Kansas City
102.9,K275BU,WASHINGTON,MO,NDIR,0.075,38.481972222222225,91.0411111111111,D,COVENANT NETWORK,,COVENANT NETWORK,Religious Teaching,St. Louis
102.9,K275CD,BOLIVAR,MO,NDIR,0.25,37.621138888888886,93.40186111111112,D,JOY 102.9,,"BENNE BROADCASTING OF BOLIVAR, LLC",Contemporary Christian,
102.9,K275CI,ST. CHARLES,MO,DRL,0.25,38.752,90.62288888888888,D,COVENANT NETWORK,,COVENANT NETWORK,Religious Teaching,St. Louis
103.1,K276DI,COLUMBIA,MO,NDIR,0.25,38.95530555555556,92.27241666666667,D,KTGR 100.5 FM - 105.1 FM,109.0,"ZIMMER RADIO OF MID-MISSOURI, INC.",Sports,"Columbia, MO"
103.3,K277AM,MANSFIELD,MO,NDIR,0.25,37.038333333333334,92.67500000000001,D,THE JOY FM NETWORK,,"RADIO TRAINING NETWORK, INC.",Contemporary Christian,
103.3,K277BF,MOUNT VERNON,MO,NDIR,0.25,37.08755555555556,93.84213888888888,D,BOTT RADIO NETWORK,64.5,"COMMUNITY BROADCASTING, INC.",Religious Teaching,
103.3,K277BJ,CAPE GIRARDEAU,MO,NDIR,0.25,37.3095,89.55063888888888,D,BOTT RADIO NETWORK,34.6,"COMMUNITY BROADCASTING, INC.",Religious Teaching,
103.3,K277BV,HOLLISTER,MO,NDIR,0.25,36.61088888888889,93.23963888888889,D,BOTT RADIO NETWORK,65.9,"COMMUNITY BROADCASTING, INC.",Religious Teaching,
103.3,K277BZ,FULTON,MO,NDIR,0.23,38.87013888888889,91.94316666666667,D,CATHOLIC RADIO,30.8,COVENANT NETWORK,Religious Teaching,
103.3,K277DJ,OSAGE BEACH,MO,NDIR,0.25,38.16447222222222,92.60352777777777,D,KRMS 1150AM-97.5FM- 103.3FM,,"VIPER COMMUNICATIONS, INC.",Talk,
103.5,K278CT,JEFFERSON CITY,MO,NDIR,0.25,38.563916666666664,92.18936111111111,D,KLIK NEWSTALK AM 1240 103.5 FM,,Cumulus Media,Talk,
103.7,K279AD,NEOSHO,MO,NDIR,0.075,36.76811111111111,94.33133333333333,D,,125.9,BOARD OF GOVERNORS OF MISSOURI STATE UNIVERSITY,News/Talk/Classical,Joplin
103.7,K279AP,BETHANY,MO,NDIR,0.17,40.25472222222222,94.00994444444444,D,KAAN SPORTS RADIO,,Alpha Media Licensee LLC,Sports,
103.7,K279BI,KANSAS CITY,MO,NDIR,0.25,39.02222222222222,94.51383333333334,D,TALKRADIO 103.7 FM 710 AM,349.1,Cumulus Media,News/Talk,Kansas City
103.7,K279CT,THAYER,MO,NDIR,0.25,36.593944444444446,91.66763888888889,D,AM 1290 THE GIFT,,"E-Communications, LLC",Southern Gospel,
103.9,K280FP,ROCKAWAY BEACH,MO,NDIR,0.25,36.73116666666667,93.1673888888889,D,BOTT RADIO NETWORK,183.5,"BOTT COMMUNICATIONS, INC.",Religious Teaching,
104.1,K281AT,LEBANON,MO,NDIR,0.115,37.67638888888889,92.62277777777777,D,SPIRIT FM,122.3,University of Northwestern - St. Paul,Contemporary Christian,
104.1,K281CT,California,MO,NDIR,0.25,38.660583333333335,92.78463888888889,D,BOTT RADIO NETWORK,,"MID-MISSOURI RADIO, LLC",Religious Teaching,
104.5,K283CI,ST. LOUIS,MO,DRL,0.099,38.63583333333333,90.19583333333334,D,,,The Lutheran Church - Missouri Synod,Religious Teaching,St. Louis
104.5,K283CL,JEFFERSON CITY,MO,NDIR,0.25,38.57947222222223,92.23408333333333,D,NEWSRADIO 950,,"ZIMMER RADIO OF MID-MISSOURI, INC.",News/Talk,
104.7,K284BD,CARTHAGE,MO,NDIR,0.25,37.26616666666666,94.28994444444444,D,BOTT RADIO NETWORK,55.2,"COMMUNITY BROADCASTING, INC.",Religious Teaching,Joplin
104.7,K284CH,KANSAS CITY,MO,DRL,0.099,39.01569444444444,94.50694444444444,D,,,ALPINE BROADCASTING CORPORATION,Talk/Adult Standards,Kansas City
104.9,K285ER,OSAGE BEACH,MO,DRL,0.25,38.16447222222222,92.60352777777777,D,CLASSIC COUNTRY 104.9,,"VIPER COMMUNICATIONS, INC.",Country,
104.9,K285FC,JEFFERSON CITY,MO,NDIR,0.25,38.552611111111105,92.20419444444445,D,FAITH RADIO,79.3,University of Northwestern - St. Paul,Religious Teaching,
104.9,K285FD,NEOSHO,MO,NDIR,0.25,36.88088888888889,94.39133333333334,D,BOTT RADIO NETWORK,70.9,"COMMUNITY BROADCASTING, INC.",Religious Teaching,Joplin
104.9,K285GX,ROLLA,MO,NDIR,0.25,37.87755555555555,91.746,D,ESPN 104.9 AND 1490,,"KTTR-KZNN, INC.",Sports,
105.1,K286BG,WASHINGTON,MO,NDIR,0.016,38.55283333333333,91.00486111111111,D,TODAY'S HOT COUNTRY,13.0,KASPAR BROADCASTING CO. OF MISSOURI,Country,St. Louis
105.1,K286CK,WEST PLAINS,MO,NDIR,0.25,36.74277777777778,91.9038888888889,D,105.1 NEWSRADIO KWPM 1450,,"Better Newspapers, Inc.",News/Talk,
105.1,K286CL,COLUMBIA,MO,NDIR,0.25,38.95530555555556,92.27241666666667,D,KTGR 100.5 FM - 105.1FM,,"ZIMMER RADIO OF MID-MISSOURI, INC.",Sports,"Columbia, MO"
105.3,K287BY,ST. LOUIS,MO,NDIR,0.099,38.53527777777778,90.37305555555555,D,,,The Lutheran Church - Missouri Synod,Religious Teaching,St. Louis
105.3,K287CE,STE. GENEVIEVE,MO,NDIR,0.25,37.993611111111115,90.05833333333334,D,RELEVENT RADIO,,"DONZE COMMUNICATIONS, INC",Religious Teaching,
105.3,K287CM,TROY,MO,NDIR,0.25,38.9895,90.90319444444445,D,NEWS RADIO KYRO,,LINCOLN COUNTY BROADCASTING LLC,News/Talk,St. Louis
105.5,K288GP,JACKSON,MO,NDIR,0.115,37.38788888888889,89.64330555555556,D,BOTT RADIO NETWORK,,"COMMUNITY BROADCASTING, INC.",Religious Teaching,
105.7,K289CK,HOUSTON,MO,NDIR,0.25,37.32922222222223,91.89875,D,,,"MEDIA PROFESSIONAL, LLC",Talk,
105.9,K290CO,NEOSHO,MO,NDIR,0.25,36.87561111111111,94.38741666666667,D,"NEWSTALK KZRG 102.9 FM, 105.9 FM AND 1310 AM",,"ZIMMER RADIO, INC.",Talk,Joplin
106.1,K291CN,KANSAS CITY,MO,DRL,0.095,39.06805555555556,94.53633333333333,D,GOSPEL 1590,,"CARTER BROADCAST GROUP, INC.",Urban Gospel,Kansas City
106.1,K291CW,ST. LOUIS,MO,DRL,0.25,38.70116666666667,90.44677777777778,D,THE BIG 550 AM,,"KTRS-AM LICENSE, L.L.C.",Talk,St. Louis
106.3,K292FO,ROLLA,MO,NDIR,0.25,37.990611111111114,91.73294444444444,D,BOTT RADIO NETWORK,114.3,"COMMUNITY BROADCASTING, INC.",Religious Teaching,
106.3,K292FX,JOPLIN,MO,NDIR,0.25,37.08977777777778,94.51327777777777,D,CHRISTIAN INFORMATION RADIO,60.7,"VCY AMERICA, INC.",Religious Teaching,Joplin
106.5,K293AX,JEFFERSON CITY,MO,NDIR,0.085,38.54091666666667,92.19933333333334,D,SPIRIT FM,85.0,University of Northwestern - St. Paul,Contemporary Christian,
106.5,K293BP,ST. ROBERT,MO,NDIR,0.092,37.84280555555556,92.17961111111111,D,BOTT RADIO NETWORK,,"COMMUNITY BROADCASTING, INC.",Religious Teaching,
106.5,K293BX,MOBERLY,MO,NDIR,0.2,39.45280555555556,92.36627777777777,D,TRUE COUNTRY,,"FM105, INC.",Country,
106.5,K293CI,COLUMBIA,MO,NDIR,0.14,38.95530555555556,92.27241666666667,D,K-LOVE,,EDUCATIONAL MEDIA FOUNDATION,Contemporary Christian,"Columbia, MO"
106.7,K294BE,SAINT JOSEPH,MO,NDIR,0.08,39.788888888888884,94.85719444444445,D,CATHOLIC RADIO NETWORK,71.8,"CATHOLIC RADIO NETWORK, INC.",Religious Teaching,
106.9,K295CQ,ST. LOUIS,MO,DRL,0.099,38.56805555555556,90.33194444444445,D,FOXY 106.9,,Roberts Metro Broadcasting LLC,R&B Oldies,St. Louis
106.9,K295FB,CAPE GIRARDEAU,MO,NDIR,0.092,37.368611111111115,89.59277777777777,D,FAMILY FRIENDLY RADIO,,UNIVERSITY OF NORTHWESTERN - ST. PAUL,Contemporary Christian,
107.1,K296HA,WASHINGTON,MO,DRL,0.25,38.779222222222224,90.72875,D,WESTPLEX 107.1,,"COMPUTRAFFIC, INC.",Hot AC,St. Louis
107.1,K296HN,MARSHFIELD,MO,NDIR,0.25,37.317,92.96433333333334,D,,,"NEW LIFE EVANGELISTIC CENTER, INC.",Contemporary Christian/Southern Gospel,"Springfield, MO"
107.3,K297BI,ST. LOUIS,MO,NDIR,0.25,38.61311111111111,90.33594444444444,D,RADIO ARTS FOUNDATION,138.9,RADIO ARTS FOUNDATION,Classical,St. Louis
107.5,K298CI,SPRINGFIELD,MO,DRL,0.25,37.20919444444445,93.28238888888889,D,107.5 BOB FM,,MY TOWN MEDIA INC,Adult Hits,"Springfield, MO"
107.5,K298DA,ST. JOSEPH,MO,DRL,0.25,39.68083333333333,94.78,D,JOE TOWN 107.5,,"Eagle Communications, Inc.",Classic Hits,
107.7,K299BS,LEXINGTON,MO,NDIR,0.25,39.18666666666666,93.83438888888888,D,LIFE 92 - BOTT RADIO NETWORK,,"BOTT COMMUNICATIONS, INC.",Religious Teaching,Kansas City
107.9,K300CH,LEES SUMMIT,MO,NDIR,0.099,39.02222222222222,94.51383333333334,D,AIR1,349.2,EDUCATIONAL MEDIA FOUNDATION,Contemporary Christian,Kansas City
95.5,KAAN-FM,BETHANY,MO,OTS,50.0,40.25636111111111,94.15661111111112,C2,"YOUR HOME IN THE COUNTRY, REGIONAL RADIO KAAN",108.0,Alpha Media Licensee LLC,Country,
99.5,KADI-FM,REPUBLIC,MO,NDIR,6.0,37.16502777777777,93.39572222222223,A,99 HIT FM,100.0,"VISION COMMUNICATIONS, INC.",Contemporary Christian,"Springfield, MO"
96.7,KAHR,POPLAR BLUFF,MO,NDIR,6.0,36.766444444444446,90.48122222222223,A,SAM 96.7,100.0,EAGLE BLUFF ENTERPRISES,Adult Hits,
91.5,KAIA,BLOOMFIELD,MO,DRL,49.0,36.675333333333334,89.77202777777778,C2,AIR1,,EDUCATIONAL MEDIA FOUNDATION,Contemporary Christian,
94.3,KATI,CALIFORNIA,MO,NDIR,50.0,38.52363888888889,92.40711111111112,C2,KAT COUNTRY,150.0,"ZIMMER RADIO OF MID-MISSOURI, INC",Country,
100.3,KATZ-FM,BRIDGETON,MO,DRL,17.0,38.68533333333333,90.38177777777777,C3,100.3 THE BEAT,120.0,iHeartMedia,Urban Contemporary,St. Louis
90.5,KAUD,MEXICO,MO,NDIR,0.45,39.17669444444444,91.79513888888889,A,,48.2,THE CURATORS OF THE UNIVERSITY OF MISSOURI,News/Talk,
89.9,KAUF,KENNETT,MO,NDIR,1.0,36.24227777777778,90.06508333333333,A,AMERICAN FAMILY RADIO,50.0,AMERICAN FAMILY ASSOCIATION,Religious Teaching,
97.1,KAYQ,WARSAW,MO,NDIR,4.5,38.28863888888889,93.30908333333333,A,THE LAKE,73.0,"VALKYRIE BROADCASTING, INC.",Country,
92.5,KAYX,RICHMOND,MO,NDIR,2.35,39.18666666666666,93.83438888888888,A,LIFE 92 - BOTT RADIO NETWORK,163.0,"BOTT COMMUNICATIONS, INC.",Religious Teaching,Kansas City
100.1,KBBM,JEFFERSON CITY,MO,NDIR,33.0,38.52363888888889,92.40711111111112,C2,NASH FM 100.1,183.0,Cumulus Media,Country,
93.1,KBDZ,PERRYVILLE,MO,NDIR,36.0,37.88283333333333,90.17233333333334,C2,CLASSIC ROCK 93.1,175.0,"DONZE COMMUNICATIONS, INC.",Classic Rock,
104.3,KBEQ-FM,KANSAS CITY,MO,NDIR,100.0,39.08305555555556,94.4805,C0,Q104 #1 NEW HIT COUNTRY 104.3,301.0,"MGTF MEDIA COMPANY, LLC",Country,Kansas City
99.9,KBFL-FM,Fair Grove,MO,NDIR,3.1,37.52055555555555,93.10416666666666,A,ESPN THE JOCK,140.0,"ZIMMER MIDWEST COMMUNICATIONS, INC.",Sports,
91.1,KBGM,PARK HILLS,MO,NDIR,8.0,37.801138888888886,90.56427777777778,C2,AMERICAN FAMILY RADIO,189.0,AMERICAN FAMILY ASSOCIATION,Religious Teaching,
107.1,KBHI,MINER,MO,NDIR,3.7,36.94255555555555,89.69647222222223,A,ROCK 107,128.0,"WITHERS BROADCASTING COMPANY OF SOUTHEAST MISSOURI, LLC",Rock,
91.3,KBIA,COLUMBIA,MO,NDIR,100.0,38.88916666666667,92.262,C1,,222.0,The Curators of the University of Missouri,News/Talk,"Columbia, MO"
90.1,KBKC,MOBERLY,MO,NDIR,2.1,39.39197222222222,92.456,A,COVENANT NETWORK,68.0,Covenant Network,Religious Teaching,
104.5,KBMC-LP,MACKS CREEK,MO,NDIR,0.07,38.16811111111111,93.01383333333334,LP100,,35.744595,BRANCH MEMORIAL SEVENTH-DAY ADVENTIST CHURCH,Religious Teaching,
107.1,KBMV-FM,BIRCH TREE,MO,NDIR,25.0,36.93422222222222,91.71875,C3,K-LOVE,100.0,"E-COMMUNICATIONS, LLC",Contemporary Christian,
99.7,KBOD,GAINESVILLE,MO,DRL,50.0,36.59283333333334,92.4726388888889,C2,THE BOOT 99.7,150.0,MOUNTAIN LAKES BROADCASTING CORP.,Country,
99.7,KBTN-FM,NEOSHO,MO,NDIR,16.5,36.90922222222222,94.46133333333334,C3,99-7 THE BULL,123.0,AMERICAN MEDIA INVESTMENTS INC.,Country,Joplin
97.9,KBXB,SIKESTON,MO,NDIR,50.0,36.99783333333333,89.64786111111111,C2,FREEDOM 97.9,143.0,"WITHERS BROADCASTING COMPANY OF SOUTHEAST MISSOURI, LLC",Country,
102.3,KBXR,COLUMBIA,MO,NDIR,3.5,39.014472222222224,92.27575,C3,COLUMBIA'S QUALITY ROCK,261.0,Cumulus Media,Adult Alternative,"Columbia, MO"
96.3,KCAH-LP,CARTHAGE,MO,NDIR,0.1,37.168388888888884,94.30966666666666,LP100,,7.0,IGLESIA CRISTIANA HISPANO-AMERICANA,Religious,Joplin
104.5,KCBW,GRANDIN,MO,NDIR,6.0,36.80422222222222,90.72011111111111,A,THE ROCK,100.0,"FOX RADIO NETWORK, LLC",Classic Rock,
89.5,KCFV,FERGUSON,MO,DRL,0.1,38.76863888888889,90.28788888888889,A,89.5 THE WAVE,49.0,ST. LOUIS COMMUNITY COLLEGE,Classic Hits,St. Louis
101.1,KCFX,HARRISONVILLE,MO,NDIR,100.0,39.02222222222222,94.51383333333334,C0,101.1 THE FOX,335.0,"CMP HOUSTON-KC, LLC",Classic Rock,Kansas City
99.3,KCGQ-FM,GORDONVILLE,MO,NDIR,5.0,37.359500000000004,89.62119444444444,A,REAL ROCK 99.3,109.0,MRR LICENSE LLC,Rock,
90.5,KCGR,ORAN,MO,DRL,2.8,36.99777777777778,89.64777777777779,A,BOTT RADIO NETWORK,73.0,"COMMUNITY BROADCASTING, INC.",Religious Teaching,
102.5,KCHI-FM,CHILLICOTHE,MO,NDIR,3.2,39.74725,93.64411111111112,A,TODAY,138.0,"LEATHERMAN COMMUNICATIONS, INC.",Classic Hits,
105.1,KCJK,GARDEN CITY,MO,NDIR,72.0,39.09055555555556,94.47188888888888,C1,POWER 105.1,346.0,"CMP HOUSTON-KC, LLC",Rock,Kansas City
102.1,KCKC,KANSAS CITY,MO,NDIR,100.0,39.09055555555556,94.47188888888888,C0,THE NEW KC 102.1,341.0,"MGTF MEDIA COMPANY, LLC",Adult Contemporary,Kansas City
90.3,KCKE,CHILLICOTHE,MO,NDIR,32.0,39.781416666666665,93.30297222222222,C2,SPIRIT FM,82.0,University of Northwestern - St. Paul,Contemporary Christian,
91.9,KCKF,CUBA,MO,DRL,5.0,38.037277777777774,91.38458333333334,A,SPIRIT FM,76.0,University of Northwestern - St. Paul,Contemporary Christian,
95.9,KCKH,MANSFIELD,MO,DRL,8.9,37.28616666666667,92.61544444444444,C3,SPIRIT FM,165.0,University of Northwestern - St. Paul,Contemporary Christian,
89.5,KCKJ,SARCOXIE,MO,DRL,50.0,37.1945,93.92772222222223,C2,THE WIND,107.0,"RADIO TRAINING NETWORK, INC.",Contemporary Christian,
100.9,KCKP,LAURIE,MO,NDIR,23.5,38.108916666666666,92.73658333333333,C3,FAITH RADIO,103.0,University of Northwestern - St. Paul,Religious Teaching,
91.9,KCKV,KIRKSVILLE,MO,NDIR,1.0,40.22947222222223,92.54408333333333,A,THE PULSE CHANNEL,94.0,University of Northwestern - St. Paul,Christian CHR + Rock,
103.5,KCKZ,HUNTSVILLE,MO,NDIR,46.0,39.43391666666666,92.24016666666667,C2,SPIRIT FM,123.0,University of Northwestern - St. Paul,Contemporary Christian,
89.1,KCLC,ST. CHARLES,MO,DRL,50.0,38.78713888888889,90.50786111111111,C2,THE WOOD 89.1,72.7,LINDENWOOD UNIVERSITY,Adult Alternative,St. Louis
107.9,KCLQ,LEBANON,MO,NDIR,22.0,37.80308333333333,92.55044444444444,C2,THE COYOTE,198.0,GO PRODUCTIONS LLC,Classic Hits,
99.3,KCLR-FM,BOONVILLE,MO,NDIR,33.0,38.776694444444445,92.54297222222222,C2,CLEAR 99,180.7,"ZIMMER RADIO OF MID-MISSOURI, INC.",Country,
96.7,KCMQ,COLUMBIA,MO,NDIR,100.0,38.691694444444444,92.09575,C1,KCMQ 96.7,278.0,"ZIMMER RADIO OF MID-MISSOURI, INC",Classic Rock,
88.1,KCOU,COLUMBIA,MO,NDIR,0.43,38.94002777777777,92.32127777777778,A,THE PULSE,44.0,The Curators of the University of Missouri,Adult Alternative,"Columbia, MO"
91.7,KCOZ,POINT LOOKOUT,MO,NDIR,0.2,36.61088888888889,93.23991666666667,A,,57.0,COLLEGE OF THE OZARKS,Contemporary Christian,
95.3,KCPZ-LP,KANSAS CITY,MO,NDIR,0.037,39.013333333333335,94.56522222222222,LP100,PRAISE 95,49.0,Concrete Truth Praise Inc,Urban Gospel/Religious Teaching,Kansas City
90.3,KCRL,SUNRISE BEACH,MO,DRL,25.0,38.23919444444444,92.76572222222222,C3,BOTT RADIO NETWORK,60.0,"COMMUNITY BROADCASTING, INC.",Religious Teaching,
105.1,KCRV-FM,CARUTHERSVILLE,MO,NDIR,4.8,36.21394444444445,89.69036111111112,A,CLASSIC HITS 105.1,100.0,POLLACK BROADCASTING CO.,Classic Hits,
89.3,KCUR-FM,KANSAS CITY,MO,NDIR,100.0,39.08305555555556,94.4805,C1,,250.0,The Curators of the University of Missouri,News/Talk/Classical,Kansas City
100.3,KCVJ,OSCEOLA,MO,NDIR,6.0,38.06197222222222,93.5568611111111,A,SPIRIT FM,86.0,University of Northwestern - St. Paul,Contemporary Christian,
107.7,KCVK,OTTERVILLE,MO,NDIR,3.7,38.67391666666666,92.86241666666666,A,SPIRIT FM,125.0,University of Northwestern - St. Paul,Contemporary Christian,
91.7,KCVO-FM,CAMDENTON,MO,NDIR,10.0,38.02030555555555,92.75766666666667,C3,SPIRIT FM,133.0,University of Northwestern - St. Paul,Contemporary Christian,
89.7,KCVQ,KNOB NOSTER,MO,NDIR,7.7,38.86947222222222,93.54966666666667,C3,SPIRIT FM,70.0,University of Northwestern - St. Paul,Contemporary Christian,
91.7,KCVX,SALEM,MO,DRL,30.0,37.60447222222222,91.54625,C2,SPIRIT FM,64.0,University of Northwestern - St. Paul,Contemporary Christian,
89.9,KCVY,CABOOL,MO,NDIR,10.5,37.09227777777778,92.05294444444444,C3,SPIRIT FM,151.0,University of Northwestern - St. Paul,Contemporary Christian,
92.1,KCVZ,DIXON,MO,NDIR,6.0,37.96641666666667,92.16766666666668,A,SPIRIT FM,100.0,University of Northwestern - St. Paul,Contemporary Christian,
95.1,KCXM-LP,KIMBERLING CITY,MO,NDIR,0.007,36.65694444444444,93.41683333333334,LP100,,109.0,KIMBERLING CITY ADVENTIST RADIO,Religious Teaching,
103.1,KDAA,ROLLA,MO,NDIR,2.05,37.87755555555555,91.746,A,JACK FM 103.1,174.0,"KTTR-KZNN, INC.",Classic Hits,
104.3,KDBB,BONNE TERRE,MO,NDIR,1.65,37.80033333333333,90.56319444444445,A,PARKLAND`S CLASSIC HITS STATION,202.0,"Odle Media Group, LLC",Classic Hits,
102.3,KDEX-FM,DEXTER,MO,NDIR,5.9,36.78894444444444,89.90786111111112,A,KDEX COUNTRY,85.0,KDEX Inc,Country,
88.1,KDHX,ST. LOUIS,MO,OTS,42.0,38.41697222222222,90.43316666666666,C1,COMMUNITY RADIO KDHX-FM/HD AND KDHX.ORG,225.0,DOUBLE HELIX CORPORATION,Variety,St. Louis
100.1,KDJR,DE SOTO,MO,NDIR,2.0,38.023666666666664,90.56736111111111,A,THE SONLIFE RADIO NETWORK,106.0,"FAMILY WORSHIP CENTER CHURCH, INC.",Religious Teaching,St. Louis
106.7,KDKN,ELLINGTON,MO,DRL,18.5,37.19308333333333,90.66372222222223,C2,THE ZONE,250.0,"DOCKINS COMMUNICATIONS, INC.",Classic Rock,
88.7,KDMC-FM,VAN BUREN,MO,DRL,100.0,36.93061111111111,90.75011111111111,C1,,115.0,"Board of Governors, Southeast Missouri State University",Classical/News,
98.1,KDRU-LP,SPRINGFIELD,MO,NDIR,0.043,37.216722222222224,93.28663888888889,LP100,,46.0,DRURY UNIVERSITY,Variety,"Springfield, MO"
98.3,KDVC,COLUMBIA,MO,NDIR,9.5,38.95530555555556,92.27241666666667,C3,98.3 THE DOVE,113.0,"IRIS MEDIA, LLC",Soft AC,"Columbia, MO"
99.1,KDWD,MARCELINE,MO,NDIR,4.2,39.70836111111112,92.95880555555556,C3,MY COUNTRY 99.1,130.0,"MAIN STREET USA COMMUNICATIONS, LLC",Country,
91.5,KEFL,KIRKSVILLE,MO,NDIR,2.2,40.12222222222222,92.82747222222221,A,COVENANT NETWORK,106.0,Covenant Network,Religious Teaching,
92.5,KELE-FM,MOUNTAIN GROVE,MO,NDIR,6.0,37.135333333333335,92.24988888888889,A,POWER COUNTRY,91.0,"Dockins Communications, Inc",Country,
105.5,KESM-FM,EL DORADO SPRINGS,MO,NDIR,6.0,37.86419444444444,94.01519444444445,A,HOME OF THE BIG APE,57.0,"WILDWOOD COMMUNICATIONS, INC.",Country,
106.1,KEXS-FM,RAVENWOOD,MO,NDIR,50.0,40.420833333333334,94.72247222222222,C2,CATHOLIC RADIO NETWORK,129.0,"Catholic Radio Network, Inc.",Religious Teaching,
89.3,KEYK,OSAGE BEACH,MO,DRL,0.3,38.12225,92.67852777777779,A,KEY RADIO 89.3,,"Orion Center, Inc",Talk,
102.5,KEZK-FM,ST. LOUIS,MO,NDIR,100.0,38.57441666666667,90.32552777777778,C0,102.5 KEZK,309.0,"Audacy License, LLC",Adult Contemporary,St. Louis
102.9,KEZS-FM,CAPE GIRARDEAU,MO,OTS,100.0,37.406416666666665,89.56230555555555,C1,K-103,289.0,MRR LICENSE LLC,Country,
99.9,KFAV,WARRENTON,MO,NDIR,10.5,38.83891666666667,91.04458333333334,C3,TODAY'S HOT COUNTRY,156.0,KASPAR BROADCASTING CO. OF MISSOURI,Country,St. Louis
97.9,KFBD-FM,WAYNESVILLE,MO,NDIR,10.0,37.94725,92.35516666666666,C3,THE SOURCE,157.0,Alpha Media Licensee LLC,Adult Contemporary,
90.5,KFCV,DIXON,MO,DRL,3.3,37.83369444444445,92.01655555555556,C3,BOTT RADIO NETWORK,156.7,"COMMUNITY BROADCASTING, INC.",Religious Teaching,
107.5,KFEB,CAMPBELL,MO,NDIR,17.5,36.498666666666665,89.85452777777778,C3,THE PULSE,119.0,EAGLE BLUFF ENTERPRISES,Sports,
98.9,KFLW,ST. ROBERT,MO,NDIR,6.7,37.87836111111111,92.01794444444444,C3,98.9 THE MIX,191.0,"Benne Broadcasting of the Ozarks, LLC",Hot AC,
100.7,KFNS-FM,TROY,MO,NDIR,6.0,39.052972222222216,90.99483333333333,A,100.7 THE VIPER,99.0,"VIPER BROADCASTING, LLC",Classic Rock,St. Louis
99.3,KFOH-LP,SAINT JOSEPH,MO,NDIR,0.036,39.777,94.8295,LP100,,49.258041,ST. JOSEPH MUSIC FOUNDATION,Variety,
94.5,KFSS-LP,JOPLIN,MO,NDIR,0.1,37.08283333333333,94.51716666666667,LP100,EWTN,26.56435,DIOCESE OF SPRINGFIELD-CAPE GIRARDEAU DBA ST. PETER APOSTLE,Religious Teaching,Joplin
97.1,KFTK-FM,FLORISSANT,MO,OTS,100.0,38.77919444444444,90.72872222222223,C1,FM NEWS TALK 97.1,171.0,"Audacy License, LLC",Talk,St. Louis
92.7,KFTN-LP,FENTON,MO,NDIR,0.089,38.51752777777778,90.49372222222222,LP100,"KFTN 92.7, CLASSIC ROCK",31.507677,ROCKWOOD SCHOOL DISTRICT,Classic Rock,St. Louis
105.9,KGBX-FM,NIXA,MO,NDIR,38.0,37.29475,93.15294444444444,C2,KGBX 105.9 - TODAY'S AT WORK VARIETY,170.0,iHeartMedia,Adult Contemporary,"Springfield, MO"
93.9,KGKS,SCOTT CITY,MO,DRL,16.5,37.359500000000004,89.62119444444444,C3,93.9 MIKE FM,124.0,MRR LICENSE LLC,Variety Hits,
100.7,KGMO,CAPE GIRARDEAU,MO,NDIR,100.0,37.36255555555556,89.52202777777778,C,CLASSIC ROCK,302.0,"WITHERS BROADCASTING COMPANY OF MISSOURI, LLC",Classic Rock,
89.9,KGNA-FM,ARNOLD,MO,DRL,0.15,38.43725,90.39011111111112,A,GOOD NEWS VOICE,40.0,"MISSOURI RIVER CHRISTIAN BROADCASTING, INC.",Religious Teaching,St. Louis
90.3,KGNN-FM,CUBA,MO,NDIR,6.3,38.086444444444446,91.30847222222222,C3,GOOD NEWS VOICE,99.0,"MISSOURI RIVER CHRISTIAN BROADCASTING, INC.",Religious Teaching,
89.9,KGNV,WASHINGTON,MO,OTS,1.0,38.59697222222223,91.1048611111111,A,GOOD NEWS VOICE,65.0,"MISSOURI RIVER CHRISTIAN BROADCASTING, INC.",Religious Teaching,St. Louis
89.7,KGNX,BALLWIN,MO,NDIR,0.12,38.623083333333334,90.53372222222222,A,GOOD NEWS VOICE,52.0,"MISSOURI RIVER CHRISTIAN BROADCASTING, INC.",Religious Teaching,St. Louis
101.7,KGOZ,GALLATIN,MO,NDIR,15.0,39.88722222222222,93.72355555555556,C3,HOT COUNTRY Z 101.7,129.0,"PAR BROADCASTING CO., INC.",Country,
92.9,KGRC,HANNIBAL,MO,NDIR,100.0,39.730000000000004,91.40555555555557,C1,REAL 92.9,153.0,STARADIO CORP.,Hot AC,
96.9,KHBL-LP,HANNIBAL,MO,NDIR,0.012,39.69863888888889,91.35819444444444,LP100,,84.151329,KHBL,Variety,
104.1,KHCI-LP,MOBERLY,MO,NDIR,0.033,39.41916666666666,92.43569444444445,LP100,LIFETALK RADIO,52.0,MOBERLY SEVENTH-DAY ADVENTIST CHURCH,Religious Teaching,
99.5,KHCR,BISMARCK,MO,NDIR,4.2,37.64783333333333,90.62594444444444,C3,99.5 THE LIGHT,243.2,"LIGHT COMMUNICATIONS, LLC",Southern Gospel,
107.9,KHEZ-LP,CAPE GIRARDEAU,MO,NDIR,0.1,37.33722222222222,89.60666666666665,LP100,HIS RADIO,22.0,"FLAT FOOT MEDIA, INC.",Contemporary Christian,
89.9,KHIS,JACKSON,MO,NDIR,12.5,37.377833333333335,89.93483333333333,C3,107.9 & 89.9 FM KHIS,142.0,PURE WORD COMMUNICATIONS,Contemporary Christian,
89.1,KHJM,DEXTER,MO,NDIR,1.25,36.902249999999995,89.88813888888889,A,COVENANT NETWORK,179.6,Covenant Network,Religious Teaching,
88.1,KHJR,ST. THOMAS,MO,DRL,2.5,38.552611111111105,92.20419444444445,A,COVENANT NETWORK,89.1,Covenant Network,Religious Teaching,
101.7,KHST,LAMAR,MO,NDIR,22.0,37.42422222222222,94.26994444444445,C3,101.7 THE VAULT,100.0,Land Go Radio Group LLC,Oldies,
97.9,KICK-FM,PALMYRA,MO,NDIR,43.0,39.75727777777778,91.49961111111111,C2,KICK FM,162.0,"Townsquare License, LLC",Country,
102.1,KJFM,LOUISIANA,MO,NDIR,11.0,39.36588888888889,91.17930555555556,C3,EAGLE 102,77.0,"FOXFIRE COMMUNICATIONS, INC.",Country,
93.3,KIGL,SELIGMAN,MO,NDIR,100.0,36.467555555555556,94.17380555555556,C1,93.3 THE EAGLE,150.0,iHeartMedia,Classic Rock,"Fayetteville, AR"
99.9,KIRK,MACON,MO,NDIR,12.5,39.60058333333333,92.57352777777777,C3,THE CAPTAIN,141.0,Alpha Media Licensee LLC,Oldies,
107.7,KIRS,STOCKTON,MO,NDIR,11.7,37.52338888888889,93.878,C3,CHRISTIAN INFORMATION RADIO,146.0,"VCY AMERICA, INC.",Religious Teaching,
102.5,KIXQ,JOPLIN,MO,NDIR,100.0,37.097,94.57383333333333,C1,KIX 102.5,278.0,"ZIMMER RADIO, INC.",Country,Joplin
88.3,KJAB-FM,MEXICO,MO,DRL,100.0,39.10363888888889,91.89322222222224,C1,MASTER'S RADIO,70.0,MEXICO EDUCATIONAL BROADCASTING FOUNDATION,Southern Gospel/Religious Teaching,
89.7,KJCV-FM,COUNTRY CLUB,MO,DRL,25.0,39.745,94.75191666666667,C2,BOTT RADIO NETWORK,105.7,"COMMUNITY BROADCASTING, INC.",Religious Teaching,
103.7,KJEL,LEBANON,MO,NDIR,100.0,37.819472222222224,92.74766666666667,C0,,300.0,Alpha Media Licensee LLC,Country,
95.5,KJEZ,POPLAR BLUFF,MO,NDIR,100.0,36.847277777777784,90.33122222222222,C1,Z95 THE BONE,125.0,MRR LICENSE LLC,Rock,
91.7,KJIR,HANNIBAL,MO,NDIR,12.0,39.698388888888886,91.49683333333333,C2,THE CROSS,173.7,BELIEVERS BROADCASTING CORPORATION,Southern Gospel,
88.9,KJLU,JEFFERSON CITY,MO,NDIR,29.5,38.458083333333335,92.22572222222223,C2,SMOOTH JAZZ 88.9,184.0,LINCOLN UNIVERSITY OF MISSOURI,Smooth Jazz,
93.9,KJMK,WEBB CITY,MO,OTS,48.0,37.24283333333334,94.50605555555556,C2,CLASSIC HITS 93.9,154.0,"ZIMMER RADIO, INC.",Classic Hits,Joplin
97.5,KJMO,LINN,MO,NDIR,6.0,38.49916666666667,91.88361111111112,A,COOL 97.5,100.0,Cumulus Media,Classic Hits,
88.5,KJNW,KANSAS CITY,MO,DRL,100.0,39.07333333333334,94.48522222222222,C1,LIFE 88.5,227.0,UNIVERSITY OF NORTHWESTERN ST. PAUL,Contemporary Christian,Kansas City
101.7,KJTR-LP,ROLLA,MO,NDIR,0.1,37.95530555555556,91.75097222222222,LP100,,-92.064087,ROLLA CHINESE CHRISTIAN ASSOCIATION,Religious Teaching,
95.9,KKBL,MONETT,MO,NDIR,6.0,36.937555555555555,93.92519444444444,A,THE BUZZ,82.0,"EAGLE BROADCASTING, INC.",Variety Hits,
102.5,KKDY,WEST PLAINS,MO,NDIR,50.0,36.689499999999995,91.89597222222223,C2,KDY FM 102.5,148.0,"Better Newspapers, Inc.",Country,
90.1,KKFI,KANSAS CITY,MO,NDIR,100.0,39.084722222222226,94.47994444444444,C1,FREE RANGE RADIO,129.0,"MID-COAST RADIO PROJECT, INC.",Adult Alternative,Kansas City
92.9,KKID,SALEM,MO,NDIR,21.0,37.729222222222226,91.47319444444445,C3,K-KID 92.9,110.0,STEVEN K. WHEELER AND JILL E. WHEELER,Classic Rock,
105.5,KKJO-FM,ST. JOSEPH,MO,NDIR,100.0,39.709722222222226,95.04275,C1,KJO 105.5,299.0,"Eagle Communications, Inc.",Hot AC,
104.7,KKLH,MARSHFIELD,MO,NDIR,34.0,37.20588888888889,92.90572222222222,C2,104.7 THE CAVE,181.0,"MW SPRINGMO, INC.",Classic Rock,"Springfield, MO"
94.5,KKLR-FM,POPLAR BLUFF,MO,NDIR,100.0,36.76280555555556,90.43427777777778,C1,CLEAR 94,246.0,MRR LICENSE LLC,Country,
92.1,KKOZ-FM,AVA,MO,NDIR,4.5,36.930027777777774,92.65544444444446,A,CAUSE RADIO 92.1,116.0,"CORUM INDUSTRIES, INC.",News/Talk,
89.7,KKTR,KIRKSVILLE,MO,NDIR,3.5,40.17780555555555,92.57794444444444,A,,60.0,TRUMAN STATE UNIVERSITY,News/Talk,
100.1,KKWK,CAMERON,MO,NDIR,50.0,39.95777777777778,94.1155,C2,CLASSIC ROCK QUICK 100.1,150.0,Alpha Media Licensee LLC,Classic Rock,
88.1,KLFC,BRANSON,MO,DRL,1.8,36.55172222222222,93.23822222222222,A,LIFE FM,119.0,"MOUNTAINTOP BROADCASTING, INC.",Contemporary Christian/Religious Teaching,
90.5,KLHW-LP,KANSAS CITY,MO,NDIR,0.05,38.943888888888885,94.46938888888889,LP100,LIFETALK RADIO,11.115471,MULTICULTURAL PROFESSIONAL COUNSELING SERVICES,Religious Teaching,Kansas City
107.5,KLJE-LP,COLUMBIA,MO,NDIR,0.082,38.943638888888884,92.32158333333334,LP100,FOOTPRINT RADIO,33.120014,COLUMBIA CHINESE CHRISTIAN CHURCH,Religious Teaching,"Columbia, MO"
99.1,KLJY,CLAYTON,MO,NDIR,100.0,38.57441666666667,90.32552777777778,C0,99.1 JOY FM,309.0,"GATEWAY CREATIVE BROADCASTING, INC.",Christian CHR,St. Louis
107.1,KLMZ,LEADWOOD,MO,NDIR,0.82,37.79863888888889,90.56233333333333,A,THE ZONE,215.0,"DOCKINS COMMUNICATIONS, INC.",Rock,
103.3,KLOU,ST. LOUIS,MO,NDIR,90.0,38.57441666666667,90.32549999999999,C1,OLDIES 103.3,309.0,iHeartMedia,Classic Hits,St. Louis
92.7,KLOZ,ELDON,MO,NDIR,31.0,38.34086111111111,92.59266666666666,C2,MIX 92.7,189.0,"Benne Broadcasting Company, LLC",Hot AC,
96.1,KLRQ,CLINTON,MO,NDIR,100.0,38.47419444444444,93.508,C0,K-LOVE,301.0,EDUCATIONAL MEDIA FOUNDATION,Contemporary Christian,
97.3,KLRX,LEE'S SUMMIT,MO,NDIR,55.0,39.09055555555556,94.47188888888888,C1,K-LOVE,357.0,EDUCATIONAL MEDIA FOUNDATION,Contemporary Christian,Kansas City
92.9,KLSC,MALDEN,MO,NDIR,50.0,36.675333333333334,89.77202777777778,C2,HOT 92.9,145.0,MRR LICENSE LLC,Contemporary Hit Radio,
107.9,KLTE,KIRKSVILLE,MO,NDIR,100.0,39.95641666666667,92.97491666666667,C1,BOTT RADIO NETWORK,299.0,"BOTT COMMUNICATIONS, INC.",Religious Teaching,
103.5,KLUE,POPLAR BLUFF,MO,NDIR,50.0,36.847277777777784,90.33122222222222,C2,CLUE - HITS NOW 103.5,99.0,,Hot AC,
90.3,KLUH,POPLAR BLUFF,MO,NDIR,25.0,36.718944444444446,90.39677777777779,C3,LIFE 90.3,77.0,"DAVID CRAIG MINISTRIES, INC.",Contemporary Christian,
88.1,KLWL,CHILLICOTHE,MO,NDIR,0.8,39.81502777777777,93.58855555555554,A,CSN INTERNATIONAL,103.0,CSN INTERNATIONAL,Religious Teaching,
103.9,KMCR,MONTGOMERY CITY,MO,DRL,6.0,38.98613888888889,91.511,A,,91.0,"CHIRILLO ELECTRONICS, INC.",,
89.9,KMCV,HIGH POINT,MO,DRL,50.0,38.596694444444445,92.53825,C2,BOTT RADIO NETWORK,96.3,"COMMUNITY BROADCASTING, INC.",Religious Teaching,
100.5,KMEM-FM,MEMPHIS,MO,NDIR,25.0,40.49975,92.16627777777778,C3,AMERICA'S BEST COUNTRY,91.0,TRI-RIVERS BROADCASTING COMPANY,Country,
92.1,KMFC,CENTRALIA,MO,NDIR,16.0,39.16613888888889,92.16461111111111,C3,K-LOVE,122.0,EDUCATIONAL MEDIA FOUNDATION,Contemporary Christian,"Columbia, MO"
103.9,KMIS-FM,GIDEON,MO,DRL,2.5,36.425333333333334,89.69147222222223,A,SPORTS RADIO KMIS 1050  AM 103.9 FM,122.0,POLLACK BROADCASTING CO.,Sports,
107.3,KMJK,NORTH KANSAS CITY,MO,NDIR,100.0,39.09444444444445,94.0966111111111,C1,107-3 THE VIBE,299.0,"CMP HOUSTON-KC, LLC",Contemporary Hit Radio,Kansas City
102.9,KMMO-FM,MARSHALL,MO,NDIR,100.0,39.13419444444445,93.22213888888889,C1,,116.0,"MISSOURI VALLEY BROADCASTING, INC.",Country,
89.7,KMNR,ROLLA,MO,NDIR,1.85,37.95988888888889,91.77175,A,,114.0,The Curators of the University of Missouri,Variety,
92.1,KMOE,BUTLER,MO,NDIR,4.7,38.248916666666666,94.32188888888888,A,THE BULLET,45.0,BATES COUNTY BROADCASTING COMPANY,Country,
88.5,KMST,ROLLA,MO,OTS,100.0,37.798944444444444,91.72461111111112,C1,ST. LOUIS PUBLIC RADIO,146.0,The Curators of the University of Missouri,News/Talk,
90.5,KMUC,COLUMBIA,MO,NDIR,1.65,38.94069444444444,92.32036111111111,A,SWEET 90.5,45.7,THE CURATORS OF THE UNIVERSITY OF MISSOURI,Classical,"Columbia, MO"
91.7,KMVC,MARSHALL,MO,NDIR,0.1,39.10863888888889,93.19158333333334,A,THE V,,MISSOURI VALLEY COLLEGE,Adult Alternative,
89.9,KMWC,BETHANY,MO,NDIR,1.8,40.25472222222222,94.00994444444444,A,RADIO BETHANY 91.3,87.0,"PENFOLD COMMUNICATIONS, INC.",Religious Teaching,
95.1,KMXL,CARTHAGE,MO,NDIR,50.0,37.18283333333333,94.35994444444444,C2,80'S-90'S MIKE FM,144.0,"CARTHAGE BROADCASTING COMPANY, INC.",Adult Hits,Joplin
93.3,KMXV,KANSAS CITY,MO,OTS,100.0,39.01583333333333,94.5068888888889,C0,MIX 93.3,325.0,"MGTF MEDIA COMPANY, LLC",Contemporary Hit Radio,Kansas City
100.7,KMZU,CARROLLTON,MO,NDIR,99.0,39.366416666666666,93.40355555555556,C1,KMZU 100.7,302.0,CARTER MEDIA LLC,Country,
94.1,KNBS,BOWLING GREEN,MO,NDIR,7.5,39.26255555555556,91.06930555555556,C3,NEWSTALK ST LOUIS,180.4,Epic STL LLC d/b/a News Talk STL Radio,News/Talk,
91.7,KNEO,NEOSHO,MO,NDIR,14.0,36.88033333333333,94.44994444444445,C3,THE WORD,114.0,SKY HIGH BROADCASTING CORPORATION,Religious Teaching,Joplin
90.3,KNLG,NEW BLOOMFIELD,MO,NDIR,0.15,38.70447222222222,92.08905555555555,A,HERE'S HELP NETWORK,66.0,"NEW LIFE EVANGELISTIC CENTER, INC",Southern Gospel,
89.5,KNLH,CEDAR HILL,MO,DRL,0.068,38.36116666666667,90.54844444444444,A,HERE'S HELP NETWORK,213.0,"NEW LIFE EVANGELISTIC CENTER, INC",Southern Gospel,St. Louis
90.9,KNLN,VIENNA,MO,DRL,10.0,38.190861111111104,92.12294444444444,C3,HERE'S HELP NETWORK,100.0,"NEW LIFE EVANGELISTIC CENTER, INC",Southern Gospel,
89.7,KNLP,POTOSI,MO,NDIR,2.3,37.92838888888889,90.76736111111111,A,HERE'S HELP NETWORK,80.0,"NEW LIFE EVANGELISTIC CENTER, INC",Southern Gospel,
97.5,KNMO-FM,NEVADA,MO,NDIR,6.0,37.879194444444444,94.33772222222221,A,DOUBLE K COUNTRY,85.6,"HARBIT COMMUNICATIONS, INC",Country,
90.7,KOBC,JOPLIN,MO,DRL,60.0,37.052277777777775,94.38911111111112,C1,K-LOVE,151.0,EDUCATIONAL MEDIA FOUNDATION,Contemporary Christian,Joplin
97.5,KOEA,DONIPHAN,MO,OTS,40.0,36.588944444444444,90.81955555555555,C2,THE STORM 97.5,176.0,EAGLE BLUFF ENTERPRISES,Country,
100.5,KOJH-LP,KANSAS CITY,MO,NDIR,0.1,39.09027777777778,94.56191666666666,LP100,,15.0,"MUTUAL MUSICIANS FOUNDATION, INC",Jazz,Kansas City
89.5,KOKS,POPLAR BLUFF,MO,NDIR,30.0,36.811166666666665,90.464,C2,YOUR CHRISTIAN RADIO STATION,129.0,CALVARY EDUCATIONAL BROADCASTING NETWORK,Religious Teaching,
100.1,KOMC-FM,KIMBERLING CITY,MO,NDIR,36.0,36.53283333333333,93.32880555555555,C2,MY 100.1,176.0,"OZARK MOUNTAIN MEDIA GROUP, LLC",Adult Contemporary,
105.1,KOMG,WILLARD,MO,NDIR,50.0,37.01894444444444,93.50880555555555,C2,105.1 THE BULL,150.0,"MW SPRINGMO, INC.",Country,"Springfield, MO"
100.1,KONN-LP,KANSAS CITY,MO,NDIR,0.1,39.09280555555556,94.56338888888888,LP100,ONE KANSAS CITY RADIO,7.0,THE INTERNATIONAL RADIO PROJECT OF KANSAS CITY,Variety,Kansas City
89.5,KOPN,COLUMBIA,MO,NDIR,36.0,38.998083333333334,92.19683333333333,C2,COMMUNITY RADIO,72.0,NEW WAVE CORPORATION,News/Talk/Variety,"Columbia, MO"
106.1,KOQL,ASHLAND,MO,NDIR,69.0,38.750305555555556,92.55880555555555,C1,Q 106,292.0,Cumulus Media,Rhythmic CHR,
92.9,KOSP,OZARK,MO,NDIR,50.0,36.97394444444445,93.42711111111112,C2,92.9 THE BEAT,150.0,"MW SPRINGMO, INC.",Rhythmic CHR,
98.7,KOTC-LP,JEFFERSON CITY,MO,NDIR,0.026,38.57172222222223,92.28202777777777,LP100,,56.739216,JEFFERSON CITY SEVENTH-DAY ADVENTIST CHURCH,Religious Teaching,
89.7,KOZO,BRANSON,MO,NDIR,20.0,36.55116666666667,93.2435,C2,OASIS NETWORK,130.0,DAVID INGLES MINISTRIES CHURCH INC.,Religious Teaching,
102.3,KOZQ-FM,WAYNESVILLE,MO,NDIR,2.65,37.81919444444445,92.15183333333334,A,Z 102.3,150.0,Alpha Media Licensee LLC,Classic Rock,
98.1,KOZX,CABOOL,MO,NDIR,6.0,37.132666666666665,92.1341388888889,A,98.1 KOZX,67.0,"Dockins Communications, Inc",Hot AC,
101.9,KPBM-LP,POPLAR BLUFF,MO,NDIR,0.089,36.758361111111114,90.40036111111111,LP100,,31.603491,BLACK RIVER PUBLIC RADIO,Variety,
91.7,KPBR,POPLAR BLUFF,MO,DRL,2.75,36.8175,90.45572222222222,A,BOTT RADIO NETWORK,74.0,"COMMUNITY BROADCASTING, INC.",Religious Teaching,
102.7,KPGZ-LP,KEARNEY,MO,NDIR,0.071,39.37038888888889,94.37947222222222,LP100,102.7 THE HOG,36.0,CORPORATION FOR EDUCATIONAL OPPORTUNITIES FOR NORTHEAST CLAY,Classic Rock,Kansas City
94.7,KPIP-LP,FAYETTE,MO,NDIR,0.1,39.14447222222222,92.68488888888889,LP100,,13.338718,INTERNATIONAL EDUCATIONAL RESOURCES FOR RURAL MISSOURI,Variety,
101.5,KPLA,COLUMBIA,MO,NDIR,42.0,39.014472222222224,92.27575,C1,THE BEST MIX OF SOFT ROCK,324.0,Cumulus Media,Adult Contemporary,"Columbia, MO"
97.7,KPOW-FM,LA MONTE,MO,NDIR,100.0,39.05280555555555,93.2671388888889,C1,CLASSIC HITS POWER 97.7,299.0,"BENNE BROADCASTING OF SEDALIA, LLC",Classic Rock,
92.5,KPPL,POPLAR BLUFF,MO,NDIR,25.0,36.84977777777778,90.37233333333333,C3,THE EAGLE 92.5,100.0,,Country,
98.5,KPPZ-LP,KANSAS CITY,MO,NDIR,0.1,39.01327777777778,94.56505555555555,LP100,URBAN OLDIES 98.5,30.0,CONCRETE TRUTH LEARNING INSTITUTE,Urban Oldies,Kansas City
103.3,KPRS,KANSAS CITY,MO,OTS,100.0,39.01583333333333,94.5068888888889,C,HOT 103 JAMZ,303.0,"CARTER BROADCAST GROUP, INC.",Urban Contemporary,Kansas City
90.1,KRHS,OVERLAND,MO,NDIR,0.01,38.71030555555556,90.35733333333333,D,RADIOACTIVE RADIO,45.0,RITENOUR SCHOOL DISTRICT,Variety,St. Louis
101.9,KPWB-FM,PIEDMONT,MO,NDIR,3.7,37.19308333333333,90.66372222222223,C3,KICKIN' COUNTRY,261.0,"DOCKINS BROADCAST GROUP, LLC",Country,
97.7,KQBS,POTOSI,MO,NDIR,26.5,37.95866666666667,90.76319444444445,C2,BOOST RADIO,207.0,"GATEWAY CREATIVE BROADCASTING, INC.",Christian CHR + Rock,
99.1,KQJN-LP,DONIPHAN,MO,NDIR,0.073,36.65347222222222,90.77427777777778,LP100,CURRENT RIVER RADIO,26.943922,CURRENT RIVER COMMUNITY RADIO FOUNDATION,Variety,
97.7,KQMO,SHELL KNOB,MO,NDIR,2.1,36.748666666666665,93.65908333333334,A,LA MÁS GRANDE 97.7 FM,170.0,"FALCON BROADCASTING, INC.",Spanish,
91.9,KQOH,MARSHFIELD,MO,NDIR,3.8,37.29586111111111,93.14072222222222,A,CATHOLIC RADIO,84.4,"Catholic Radio Network, Inc.",Religious Teaching,"Springfield, MO"
102.1,KQRA,BROOKLINE,MO,NDIR,4.9,37.21088888888889,93.22852777777778,A,SPRINGFIELD'S NEW ROCK ALTERNATIVE,110.0,"MW SPRINGMO, INC.",Rock,"Springfield, MO"
102.7,KQUL,LAKE OZARK,MO,NDIR,6.0,38.03502777777778,92.57544444444444,A,"CLASSIC HITS, COOL 102.7",100.0,"BENNE BROADCASTING CO. OF LAKE OZARK, INC.",Classic Hits,
90.9,KRCU,CAPE GIRARDEAU,MO,DRL,6.5,37.404777777777774,89.56841666666666,C2,SOUTHEAST PUBLIC RADIO,,"Board of Governors, Southeast Missouri State University",Classical/News,
104.7,KRES,MOBERLY,MO,OTS,100.0,39.45975,92.70211111111111,C,CRESS COUNTRY,311.0,Alpha Media Licensee LLC,Country,
104.7,KREZ,CHAFFEE,MO,NDIR,7.7,37.16283333333333,89.48313888888889,C3,104.7 THE BRIDGE,178.4,"WITHERS BROADCASTING COMPANY OF MISSOURI, LLC",Soft AC,
107.9,KRFL-LP,FULTON,MO,NDIR,0.1,38.84141666666667,91.95044444444444,LP100,REVELATION FOR LIVING,29.0,"REVELATION FOR LIVING BROADCASTING, INC.",Religious Teaching,
103.9,KRLI,MALTA BEND,MO,NDIR,12.0,39.366416666666666,93.40355555555556,C2,KRLI COUNTRY 103.9,268.0,CARTER MEDIA LLC,Country,
93.5,KRMS-FM,OSAGE BEACH,MO,NDIR,39.0,38.16447222222222,92.60352777777777,C2,93.5 ROCK THE LAKE,168.0,"VIPER COMMUNICATIONS, INC.",Classic Rock,
88.9,KRNW,CHILLICOTHE,MO,NDIR,38.0,39.81336111111111,93.59077777777777,C2,YOUR CHOICE FM,156.0,Northwest Missouri State University - Board of Regents,News/Talk/Classical,
100.9,KRRY,CANTON,MO,NDIR,28.0,39.885888888888886,91.61072222222222,C2,100.9 THE EAGLE,200.0,"Townsquare License, LLC",Classic Rock,
93.5,KRSS,TARKIO,MO,NDIR,11.0,40.51972222222222,95.18441666666666,C3,THE CROSS,149.0,"RADIO FREE MINISTRIES, INC.",Religious Teaching,
107.3,KRTE-FM,STEELVILLE,MO,NDIR,8.9,38.040055555555554,91.51488888888889,C3,REAL TALK 93.3,165.0,"EAST CENTRAL BROADCASTING, LLC",Talk,
93.3,KRTK,HERMANN,MO,NDIR,50.0,38.8175,91.13,C2,REALTALK 93.3,146.0,"East Central Broadcasting, LLC",Talk,St. Louis
106.7,KRVI,MOUNT VERNON,MO,NDIR,19.0,37.15394444444444,93.61574999999999,C3,CLASSIC ROCK 106.7,115.0,"SM-KRVI, LLC",Classic Rock,
94.5,KRXL,KIRKSVILLE,MO,NDIR,100.0,40.242805555555556,92.4285,C,94.5 THE X,308.0,"KIRX, INC.",Classic Rock,
106.3,KRZK,BRANSON,MO,NDIR,27.0,36.73116666666667,93.1673888888889,C2,LEGENDS 106.3,201.0,"OZARK MOUNTAIN MEDIA GROUP, LLC",Country,
92.3,KSAR,THAYER,MO,NDIR,50.0,36.366166666666665,91.47652777777778,C2,,130.0,BRAGG BROADCASTING CORPORATION,Talk,
88.9,KSEF,STE. GENEVIEVE,MO,DRL,20.0,37.79947222222222,90.56233333333333,C2,SOUTHEAST MISSOURI PUBLIC RADIO,,"Board of Governors, Southeast Missouri State University",News/Talk/Classical,
90.1,KSCV,SPRINGFIELD,MO,NDIR,11.0,37.294777777777774,93.15297222222223,C3,BOTT RADIO NETWORK,150.0,"COMMUNITY BROADCASTING, INC.",Religious Teaching,"Springfield, MO"
93.7,KSD,ST. LOUIS,MO,NDIR,74.0,38.57441666666667,90.32552777777778,C1,93.7 THE BULL,309.0,iHeartMedia,Country,St. Louis
94.9,KSDC-LP,CENTRALIA,MO,NDIR,0.1,39.24586111111111,92.21072222222223,LP100,,16.416113,SUNNYDALE ADVENTIST ACADEMY,Religious Teaching,
92.3,KSDL,SEDALIA,MO,NDIR,6.0,38.73419444444445,93.22547222222222,A,MIX 92.3,89.0,"Townsquare License, LLC",Adult Contemporary,
88.7,KSDQ,MOBERLY,MO,DRL,17.0,39.24447222222222,92.21127777777778,C3,THE QUEST,,SUNNYDALE SEVENTH-DAY ADVENTIST CHURCH,Religious Teaching,
104.1,KSGF-FM,ASH GROVE,MO,NDIR,19.0,37.15394444444444,93.61574999999999,C3,NEWS TALK 1260 KSGF,114.0,"SM-KSGF-FM, LLC",News/Talk,
94.7,KSHE,CRESTWOOD,MO,NDIR,100.0,38.57441666666667,90.32552777777778,C0,K-SHE 95,309.0,"St. Louis FCC License Sub, LLC",Rock,St. Louis
100.7,KSHQ,DEERFIELD,MO,NDIR,17.7,37.71866666666667,94.66886111111111,C3,ESPN 100.7,119.0,"ONE MEDIA, INC.",Sports,
99.5,KSIQ-LP,ST. LOUIS,MO,NDIR,0.008,38.63613888888889,90.34402777777777,LP100,MIX 99-5,104.16687,KSIQ Community Radio,Urban AC,St. Louis
91.5,KSIV-FM,ST. LOUIS,MO,NDIR,85.0,38.57441666666667,90.32552777777778,C1,BOTT RADIO NETWORK,309.0,"COMMUNITY BROADCASTING, INC.",Religious Teaching,St. Louis
91.1,KSJI,ST. JOSEPH,MO,NDIR,14.0,39.73416666666667,94.79025,C3,LIFE 88.5,132.0,University of Northwestern - St. Paul,Contemporary Christian/Religious Teaching,
92.7,KSJQ,SAVANNAH,MO,NDIR,50.0,39.976083333333335,94.97719444444445,C2,Q COUNTRY 92.7,150.0,"Eagle Communications, Inc.",Country,
95.9,KSLN-LP,SULLIVAN,MO,NDIR,0.041,38.222611111111114,91.16594444444445,LP100,LIFETALK RADIO,46.459915,SULLIVAN SEVENTH-DAY ADVENTIST CHURCH,Religious Teaching,St. Louis
104.5,KSLQ-FM,WASHINGTON,MO,NDIR,3.0,38.600861111111115,90.93458333333334,A,Q 94.5,100.0,"Y2K, INC.",Unknown,St. Louis
107.7,KSLZ,ST. LOUIS,MO,NDIR,100.0,38.57441666666667,90.32552777777778,C0,Z-107.7,309.0,iHeartMedia,Contemporary Hit Radio,St. Louis
90.5,KSMS-FM,POINT LOOKOUT,MO,NDIR,8.5,36.56227777777777,93.25991666666667,C2,,235.0,BOARD OF GOVERNORS OF MISSOURI STATE UNIVERSITY,News/Talk/Classical,
91.1,KSMU,SPRINGFIELD,MO,NDIR,40.0,37.17058333333333,93.32377777777778,C2,,125.0,BOARD OF GOVERNORS OF MISSOURI STATE UNIVERSITY,News/Talk/Classical,"Springfield, MO"
90.3,KSMW,WEST PLAINS,MO,NDIR,0.8,36.746833333333335,91.83230555555555,A,,120.1,BOARD OF GOVERNORS OF MISSOURI STATE UNIVERSITY,News/Talk/Classical,
96.5,KSOZ-LP,SALEM,MO,NDIR,0.092,37.63638888888889,91.54844444444444,LP100,EWTN,30.986946,SALEM CHRISTIAN CATHOLIC RADIO,Religious Teaching,
93.9,KSPQ,WEST PLAINS,MO,OTS,100.0,37.00336111111111,91.90680555555556,C1,Q94,198.0,"Better Newspapers, Inc.",Classic Rock,
96.5,KSPW,SPARTA,MO,NDIR,50.0,36.95447222222222,93.28961111111111,C2,POWER 96.5,150.0,"SM-KSPW, LLC",Contemporary Hit Radio,"Springfield, MO"
91.9,KSRD,ST. JOSEPH,MO,DRL,10.0,39.709722222222226,95.04275,C3,AIR1,150.0,EDUCATIONAL MEDIA FOUNDATION,Contemporary Christian,
93.9,KSSZ,FAYETTE,MO,NDIR,25.0,39.057805555555554,92.48044444444444,C3,EAGLE 93.9,100.0,"ZIMMER RADIO OF MID-MISSOURI, INC",Talk,"Columbia, MO"
100.5,KSWF,AURORA,MO,NDIR,33.0,37.09419444444445,93.51825,C2,100.5 THE WOLF,183.0,iHeartMedia,Country,"Springfield, MO"
92.5,KSYN,JOPLIN,MO,NDIR,100.0,37.097,94.57383333333333,C0,KISSIN 92.5,300.0,"ZIMMER RADIO, INC.",Contemporary Hit Radio,Joplin
90.9,KTBG,WARRENSBURG,MO,DRL,100.0,38.95827777777778,94.11208333333333,C1,THE BRIDGE,166.8,"Public Television 19, Inc.",Adult Alternative,Kansas City
89.3,KTBJ,FESTUS,MO,DRL,25.0,38.1545,90.03538888888889,B,CSN INTERNATIONAL,113.0,CSN INTERNATIONAL,Religious Teaching,
97.3,KTCM,MADISON,MO,NDIR,12.0,39.44597222222222,92.16997222222223,C3,GLORY 97.3,146.0,Alpha Media Licensee LLC,Contemporary Christian,
100.5,KTGR-FM,FULTON,MO,NDIR,6.0,38.86613888888889,91.95433333333334,A,KTGR 100.5 FM - 105.1 FM,91.0,"ZIMMER RADIO OF MID-MISSOURI, INC",Sports,
98.5,KTJJ,FARMINGTON,MO,NDIR,100.0,37.71866666666667,90.55038888888889,C0,KICKIN COUNTRY J-98,317.0,Alpha Media Licensee LLC,Country,
95.1,KTKS,VERSAILLES,MO,NDIR,12.5,38.40891666666666,92.76186111111112,C3,THE LAKE'S COUNTRY KS 95.1,141.0,"BENNE BROADCASTING OF VERSAILLES, LLC",Country,
106.5,KTMO,NEW MADRID,MO,NDIR,50.0,36.425333333333334,89.69147222222223,C2,106.5 THE WOLF,143.0,POLLACK BROADCASTING CO.,Country,
103.9,KTNX,ARCADIA,MO,NDIR,0.85,37.573638888888894,90.69261111111112,A,THE ZONE,196.0,"DOCKINS BROADCAST GROUP, LLC",Classic Rock,
95.5,KTOZ-FM,PLEASANT HOPE,MO,NDIR,44.0,37.22366666666667,93.2418611111111,C2,ALICE 95.5,159.0,iHeartMedia,Hot AC,"Springfield, MO"
88.7,KTRM,KIRKSVILLE,MO,NDIR,3.5,40.17780555555555,92.57794444444444,A,THE EDGE,60.0,TRUMAN STATE UNIVERSITY,Adult Alternative,
90.7,KTTK,LEBANON,MO,NDIR,11.0,37.63283333333333,92.75627777777778,C3,POWER FM,145.0,LEBANON EDUCATIONAL BROADCASTING FOUNDATION,Southern Gospel/Bluegrass,
92.3,KTTN-FM,TRENTON,MO,NDIR,18.5,40.083333333333336,93.55855555555556,C3,CLASSIC COUNTRY 92.3,116.0,"LUEHRS BROADCASTING COMPANY, INC.",Country,
99.7,KTTR-FM,ST. JAMES,MO,NDIR,12.0,38.070888888888895,91.66461111111111,C3,FOX SPORTS RADIO / NEWS,144.0,"KTTR-KZNN, INC.",Sports/Talk,
94.7,KTTS-FM,SPRINGFIELD,MO,OTS,100.0,37.17502777777778,93.04322222222223,C,EVERYTHING COUNTRY 94.7,336.0,"SM-KTTS, LLC",Country,"Springfield, MO"
93.7,KTUF,KIRKSVILLE,MO,NDIR,50.0,40.18780555555555,92.52572222222223,C2,,150.0,"KIRX, INC.",Country,
102.1,KTUI-FM,SULLIVAN,MO,NDIR,6.0,38.195055555555555,91.18680555555557,A,,84.0,MERAMEC AREA BROADCASTING LLC,Country,
98.7,KTXR,SPRINGFIELD,MO,OTS,100.0,37.068361111111116,93.30877777777778,C1,98.7 THE DOVE,168.0,"ZIMMER MIDWEST COMMUNICATIONS, INC.",Adult Hits,"Springfield, MO"
106.9,KTXY,JEFFERSON CITY,MO,NDIR,100.0,38.63780555555555,92.49294444444445,C,Y 107,381.0,"ZIMMER RADIO OF MID-MISSOURI, INC",Contemporary Hit Radio,
100.3,KUKU-FM,WILLOW SPRINGS,MO,OTS,50.0,37.06363888888889,92.02763888888889,C2,KUKU 100.3,150.0,"Better Newspapers, Inc.",Country,
105.9,KULH,WHEELING,MO,NDIR,6.0,39.90697222222222,93.34133333333332,A,THE WAVE,100.0,"RESOURCES MANAGEMENT UNLIMITED, INC.",Contemporary Christian,
104.5,KUMR,DOOLITTLE,MO,NDIR,3.9,37.939277777777775,91.94597222222222,A,SUNNY 104.5,124.0,"Benne Broadcasting of the Ozarks, LLC",Classic Hits,
99.3,KUNQ,HOUSTON,MO,NDIR,30.0,37.09227777777778,92.05294444444444,C2,THE ROOSTER 99.3,184.0,"MEDIA PROFESSIONAL, LLC",Country,
96.9,KUPH,MOUNTAIN VIEW,MO,NDIR,50.0,36.99144444444445,91.7948611111111,C2,THE FOX 96.9,150.0,"Better Newspapers, Inc.",Hot AC,
104.3,KVMO,VANDALIA,MO,NDIR,11.38,39.417833333333334,91.45736111111111,C3,REAL TALK,148.0,"EAST CENTRAL BROADCASTING, LLC",Talk,
90.7,KVSR,KIRKSVILLE,MO,NDIR,50.0,40.2295,92.54427777777778,C2,SPIRIT FM,147.0,University of Northwestern - St. Paul,Contemporary Christian,
107.9,KVTS-LP,REPUBLIC,MO,NDIR,0.1,37.11225,93.36488888888888,LP100,HIS WAVE RADIO,27.232403,CALVARY CHAPEL OF REPUBLIC,Religious Teaching,"Springfield, MO"
97.1,KVVL,MARYVILLE,MO,NDIR,21.5,40.39194444444444,94.96802777777778,C3,97.1 REAL ALTERNATIVE RADIO,107.9,"REGIONAL MEDIA, INC.",Rock,
97.5,KWAP-LP,FLORISSANT,MO,NDIR,0.025,38.713055555555556,90.32249999999999,LP100,,60.0,REGENERATION OUTREACH CENTER,Variety,St. Louis
107.5,KWBZ,MONROE CITY,MO,NDIR,10.0,39.58669444444445,91.79933333333334,C3,REAL COUNTRY 107.5 THE LAKE,100.0,LB SPORTS PRODUCTIONS LLC,Country,
98.5,KWEB-LP,WEBB CITY,MO,NDIR,0.1,37.14036111111111,94.47547222222222,LP100,,18.250378,WEBB CITY PUBLIC SERVICE BROADCASTERS,Variety,Joplin
106.9,KWEC-LP,SAINT CHARLES,MO,NDIR,0.027,38.74541666666667,90.58324999999999,LP100,GOSPEL BROADCASTING NETWORK,56.9,WEST END CHURCH OF CHRIST,Religious Teaching,St. Louis
89.1,KWFC,SPRINGFIELD,MO,DRL,100.0,37.20172222222222,92.94266666666667,C,THE SOUND OF HOME,342.0,"RADIO TRAINING NETWORK, INC",Contemporary Christian,"Springfield, MO"
92.5,KWIX-FM,CAIRO,MO,NDIR,6.0,39.60058333333333,92.57352777777777,A,,100.0,Alpha Media Licensee LLC,Talk,
91.9,KWJC,LIBERTY,MO,DRL,7.0,39.12305555555555,94.39022222222223,C3,CLASSICAL 91.9 CLASSICAL KC,190.0,THE CURATORS OF THE UNIVERSITY OF MISSOURI,Classical,Kansas City
93.1,KWJK,BOONVILLE,MO,NDIR,7.2,38.94197222222222,92.57575,C3,JACK FM,126.0,"BILLINGS BROADCASTING, LLC",Adult Hits,
98.5,KWKJ,WINDSOR,MO,NDIR,44.0,38.59363888888889,93.52411111111111,C2,THE BAR 98.5,159.0,"D & H MEDIA, LLC",Country,
106.1,KWKZ,CHARLESTON,MO,NDIR,34.0,37.060583333333334,89.62424999999999,C2,C 106,178.0,"Dockins Broadcast Group, LLC",Country,
90.7,KWMU,ST. LOUIS,MO,NDIR,100.0,38.58061111111112,90.32927777777778,C1,ST. LOUIS PUBLIC RADIO,289.0,THE CURATORS OF THE UNIVERSITY OF MISSOURI,News/Talk,St. Louis
88.3,KWND,SPRINGFIELD,MO,DRL,35.0,37.17505555555555,93.04322222222223,C1,THE WIND,193.0,"RADIO TRAINING NETWORK, INC.",Contemporary Christian,"Springfield, MO"
103.3,KWPQ-LP,SPRINGFIELD,MO,NDIR,0.1,37.16477777777778,93.26102777777778,LP100,,29.0,WILLOW'S WOOD COMMUNITY NETWORK,Blues,"Springfield, MO"
92.9,KWRH-LP,WEBSTER GROVES,MO,NDIR,0.036,38.58980555555556,90.34783333333333,LP100,RADIO 63119,50.0,Saint Louis Community Radio,Variety,St. Louis
101.3,KWTO-FM,BUFFALO,MO,NDIR,100.0,37.19472222222222,92.93555555555555,C,REAL COUNTRY 101.3,456.0,"ZIMMER MIDWEST COMMUNICATIONS, INC.",Country,"Springfield, MO"
101.7,KWUL-FM,ELSBERRY,MO,NDIR,3.1,39.10252777777778,90.82316666666667,A,K-WULF ROCK-N-AMERICANA,142.0,"EAST CENTRAL BROADCASTING, LLC",Classic Rock,St. Louis
90.3,KWUR,CLAYTON,MO,NDIR,0.009,38.64863888888889,90.30788888888888,D,ST. LOUIS UNDERGROUND RADIO,29.0,THE WASHINGTON UNIVERSITY,Variety,St. Louis
95.7,KWWR,MEXICO,MO,NDIR,100.0,39.26363888888889,92.13516666666668,C,MIX COUNTRY 96,360.0,"KXEO RADIO, INC.",Country,
94.9,KWWU-LP,FULTON,MO,NDIR,0.047,38.85919444444445,91.94988888888889,LP100,THE PULSE,43.41127,WILLIAM WOODS UNIVERSITY,Rock,
103.5,KWXD,ASBURY,MO,NDIR,16.0,37.395583333333335,94.67855555555556,C3,BOB FM,126.0,MY TOWN MEDIA INC,Classic Hits,
90.5,KXCV,MARYVILLE,MO,NDIR,100.0,40.402499999999996,94.88802777777778,C1,YOUR CHOICE FM,193.1,NORTHWEST MISSOURI STATE UNIV.,News/Talk/Classical,
97.9,KXDG,WEBB CITY,MO,NDIR,15.5,37.24283333333334,94.50605555555556,C3,BIG DOG 97.9,127.0,"ZIMMER RADIO, INC.",Classic Rock,Joplin
104.9,KXEA,LOWRY CITY,MO,NDIR,1.1,38.152249999999995,93.66216666666668,A,104.9 THE BIZZ,127.0,"RADFORD MEDIA GROUP, LLC",Adult Hits,
105.7,KXKX,KNOB NOSTER,MO,NDIR,38.0,38.75944444444445,93.42577777777778,C2,NUMBER 1 FOR NEW COUNTRY,136.0,"Townsquare License, LLC",Country,
95.3,KXMO-FM,OWENSVILLE,MO,NDIR,37.0,38.13561111111111,91.40013888888889,C2,OLDIES 95.3 FM,172.0,"KTTR-KZNN, INC.",Oldies,
88.7,KXMS,JOPLIN,MO,OTS,10.0,37.099222222222224,94.46300000000001,C3,FINE ARTS RADIO INTERNATIONAL,,BOARD OF GOVERNORS -- MISSOURI SOUTHERN STATE UNIVERSITY,Variety,Joplin
102.9,KXOK-LP,ST. LOUIS,MO,NDIR,0.037,38.60336111111111,90.23816666666667,LP100,,49.0,Radio St. Louis,Variety,St. Louis
104.3,KXOQ,KENNETT,MO,NDIR,6.0,36.366166666666665,90.09341666666666,A,THE QUAKE,100.0,EAGLE BLUFF ENTERPRISES,Classic Rock,
97.3,KXUS,SPRINGFIELD,MO,NDIR,100.0,37.186138888888884,93.02322222222222,C1,US-97 THE ROCK OF THE OZARKS,177.0,iHeartMedia,Classic Rock,"Springfield, MO"
88.3,KYEC,DONIPHAN,MO,DRL,11.0,36.588944444444444,90.81955555555555,C3,,,CENTRAL EDUCATIONAL RADIO,Hot AC,
106.9,KYHO-LP,POPLAR BLUFF,MO,NDIR,0.086,36.76252777777778,90.4315,LP100,LIFE TALK RADIO,32.100216,"VISION BROADCASTING OF POPLAR BLUFF, INC.",Religious Teaching,
98.1,KYKY,ST. LOUIS,MO,NDIR,90.0,38.57441666666667,90.32552777777778,C1,Y-98,309.0,"Audacy License, LLC",Hot AC,St. Louis
88.9,KYLF,ADRIAN,MO,DRL,38.0,38.201055555555556,94.2701111111111,C2,BOTT RADIO NETWORK,138.0,"COMMUNITY BROADCASTING, INC.",Religious Teaching,
95.9,KYLS-FM,IRONTON,MO,NDIR,3.1,37.666555555555554,90.57758333333332,C3,FROGGY 96,198.0,"DOCKINS BROADCAST GROUP, LLC",Country,
105.3,KYMO-FM,EAST PRAIRIE,MO,NDIR,6.0,36.79694444444444,89.35527777777777,A,CLASSIC KYMO,63.0,"DELTA BROADCASTING, LLC",Classic Rock,
99.1,KYOO-FM,HALF WAY,MO,NDIR,25.0,37.76141666666667,93.26183333333333,C3,YOUR COUNTRY 99,100.0,"BENNE BROADCASTING OF BOLIVAR, LLC",Country,
97.3,KYRX,MARBLE HILL,MO,NDIR,3.6,37.38033333333333,90.08038888888889,A,FOX SPRTS 97.3,130.0,"WITHERS BROADCASTING COMPANY OF MISSOURI, LLC",Sports,
96.9,KZBK,BROOKFIELD,MO,NDIR,50.0,39.90891666666666,93.07630555555555,C2,THE Z,150.0,"BEST BROADCASTING, INC.",Hot AC,
88.1,KZGM,CABOOL,MO,DRL,12.5,37.12088888888889,92.00266666666667,C3,KZ88 COMMUNITY RADIO,,"REAL COMMUNITY RADIO NETWORK, INC.",Variety,
106.7,KZLX-LP,MARYVILLE,MO,NDIR,0.042,40.36,94.88358333333333,LP100,X 106,45.690304,"NORTHWEST FOUNDATION, INCORPORATED",Adult Alternative,
99.9,KZMA,NAYLOR,MO,NDIR,4.2,36.662,90.48788888888889,A,Z100 TODAY'S HITS AND YESTERDAY'S FAVORITES,118.0,,Classic Hits,
105.3,KZNN,ROLLA,MO,OTS,100.0,37.87752777777778,91.74597222222222,C1,YOUR COUNTRY SUPERSTATION,192.0,"KTTR-KZNN, INC.",Country,
99.7,KZPT,KANSAS CITY,MO,NDIR,100.0,39.02222222222222,94.51383333333334,C0,99.7 THE POINT,335.0,"Audacy License, LLC",Hot AC,Kansas City
101.9,KZWV,ELDON,MO,NDIR,43.0,38.279472222222225,92.58519444444444,C2,101.9 THE WAVE,161.0,"ZIMMER RADIO OF MID-MISSOURI, INC.",Soft AC,
105.9,KZZK,NEW LONDON,MO,NDIR,10.0,39.730000000000004,91.40555555555557,C3,THE GRIZZ,153.0,STARADIO CORP.,Classic Rock,
105.5,KZZT,MOBERLY,MO,NDIR,50.0,39.43391666666666,92.24016666666667,C2,KZ 105,150.0,"FM105, INC.",Classic Rock,
106.5,WDAF-FM,LIBERTY,MO,NDIR,100.0,39.07333333333334,94.48522222222222,C1,106.5 THE WOLF,299.0,"Audacy License, LLC",Country,Kansas City
96.3,WFUN-FM,ST. LOUIS,MO,NDIR,92.0,38.57441666666667,90.32549999999999,C1,96.3 THE LOU,309.0,"Audacy License, LLC",Urban AC,St. Louis
98.7,WGCQ,HAYTI,MO,NDIR,1.7,36.21394444444445,89.69036111111112,A,AMERICA`S BEST MUSIC,87.0,POLLACK BROADCASTING CO.,Adult Hits,
104.1,WHHL,HAZELWOOD,MO,DRL,50.0,38.652277777777776,90.28427777777777,C2,HOT FM 104.1,139.0,"Audacy License, LLC",Urban Contemporary,St. Louis
92.3,WIL-FM,ST. LOUIS,MO,NDIR,100.0,38.48227777777778,90.39816666666667,C0,NEW COUNTRY FOR THE STL,300.0,"St. Louis FCC License Sub, LLC",Country,St. Louis
91.7,WRVX,CAMERON,MO,DRL,27.5,39.96,94.11911111111111,C2,CHRISTIAN INFORMATION RADIO,116.0,"VCY AMERICA, INC.",Religious Teaching,
